ID,TEM,DPT,WIS,HUM,SLP,RAN
1,17,11.2,1.56,72.15,1015.4,NRT
2,21.4,11.8,1.62,64.79,1012.6,NRT
3,23.6,15.3,2.8,66.99,1010.7,LTR
4,29.3,18.6,3.7,62.68,1006.9,NRT
5,29.1,23.4,5.22,75.39,1003.2,LTR
6,28.2,24.2,3.12,84.51,1001.3,MHR
7,27.2,25,4.22,88.64,1002.2,MHR
8,28.4,25.5,4.34,85.65,1000.4,LTR
9,27.5,24.3,3.16,87.57,1004.8,MHR
10,26.4,22.6,2.58,81.79,1009.2,LTR
11,21.9,16.9,1.98,79.82,1011.7,NRT
12,18.8,11.6,1.74,79.35,1014.7,NRT
13,18.2,10.5,2.06,75.72,1015.4,NRT
14,18.5,8.3,2.5,70.25,1011.6,NRT
15,26,19.5,5.08,72.49,1009.5,NRT
16,28.1,21.1,4.12,72.61,1006.7,LTR
17,28.7,24.4,4.36,79.79,1003.2,LTR
18,27.7,24,4.42,85.95,1001.4,MHR
19,28.2,25.2,4.32,85.31,1000,LTR
20,28.2,25.4,4.54,86.09,1000.5,LTR
21,27.9,24,3.86,84.61,1003,LTR
22,26.6,23.3,3.18,83.79,1006.9,LTR
23,21.9,16.5,2.7,77.5,1013.7,NRT
24,16.8,11.9,2.4,76.86,1013.9,NRT
25,16.4,10.1,2.9,71.66,1013.4,NRT
26,20.6,12,2.86,68.87,1014.5,LTR
27,25.8,12,2.96,53.11,1010.1,NRT
28,27.8,19.9,4.64,69.89,1007.6,LTR
29,27.4,22.7,3.7,78.14,1004.7,LTR
30,27.6,24.1,3.44,86.71,1000,MHR
31,28.5,25.6,3.3,85.7,999.6,MHR
32,27.4,25,3.78,87.68,1003,MHR
33,28.3,24.3,2.96,84.19,1004.5,LTR
34,26,22.1,2.2,81.3,1009.9,LTR
35,21.7,16.7,1.66,78.95,1013.4,NRT
36,17.9,13.7,1.44,79.62,1015.2,NRT
37,16.3,9.9,2.18,70.87,1015.1,NRT
38,20.8,10.4,2.45,62.53,1013.9,NRT
39,24.3,14.3,2.85,61.61,1010.9,LTR
40,26.3,18.6,4.23,70.12,1008.9,LTR
41,26.5,22.5,3.75,80.98,1005.8,MHR
42,27.7,24.2,3.63,87.43,1001.4,MHR
43,27.8,25.4,3.8,87.94,1000.7,MHR
44,27.8,25.4,3.68,87.62,1002.3,MHR
45,28.1,24.3,2.73,85.11,1005.5,LTR
46,25.9,22.9,2.55,85.31,1010.7,LTR
47,22,17.3,2.05,80.26,1014.1,NRT
48,18.8,13.8,2.03,76.75,1015.3,NRT
49,16.7,9.3,2.47,73.75,1015.2,NRT
50,20.3,10.7,2.75,71.31,1013.3,LTR
51,26,18.8,4.37,70.42,1008.9,LTR
52,26.5,21.4,5.95,79.77,1007.2,LTR
53,27.3,19.6,3.4,82,1004.7,LTR
54,27.5,24.4,5.03,88.42,1000.9,MHR
55,27.1,25.2,4.65,89.9,1000.8,MHR
56,28.2,25.6,4.43,87.26,1000.9,MHR
57,27.9,24.6,3.57,87.32,1004.4,MHR
58,26.9,24.1,3.55,86.41,1007.7,MHR
59,23.4,18.4,2.78,79.31,1012,LTR
60,19.2,14.5,2.4,77.95,1015.1,NRT
61,17.8,12.1,1.8,74.54,1015.8,NRT
62,19.8,11.8,2.18,71.12,1012.3,LTR
63,23.8,15,3.18,64.69,1011.5,LTR
64,27.6,20.1,4.1,71.16,1007.6,LTR
65,28.5,23.7,4.62,78.55,1004.2,LTR
66,27.4,24.2,4.26,88.05,999.9,MHR
67,27.5,25.3,3.78,88.98,1001.5,MHR
68,26.9,25,3.14,90.08,1004.1,MHR
69,27.7,19.3,2.76,86.5,1005.7,LTR
70,26.5,22.7,2.46,82.2,1010.1,LTR
71,22.7,17.6,2.8,79.26,1014.2,LTR
72,19.4,14.9,2.22,78.35,1013.8,NRT
73,18.2,11.3,2.9,77.89,1016.2,NRT
74,21.7,8.7,2.63,69.86,1012.6,NRT
75,25.8,14.2,3.82,66.12,1009.2,NRT
76,29.1,20.6,5.65,68.48,1006.5,LTR
77,29.8,19.8,4.55,74.96,1002.2,LTR
78,27.6,24.3,5.83,88.16,1001.3,MHR
79,28,25.6,4.52,87.18,1000.9,MHR
80,27.6,25.5,3.75,89.25,1002.5,MHR
81,27.6,24.1,3.27,86.33,1005.9,MHR
82,25.5,22,2.55,83.13,1010.5,LTR
83,25.9,15.6,2.22,80.09,1012.3,NRT
84,18.6,12.4,2.35,81.97,1011.3,NRT
85,18.4,13.1,2.37,75.51,1015.2,NRT
86,21,12.9,2.27,71.83,1012.1,NRT
87,24.2,17.1,3.97,73.28,997.2,LTR
88,27.5,17.1,4.82,66.8,1007.8,LTR
89,28.5,23.9,4.4,79.45,1004.1,LTR
90,28.1,24.1,3.83,84.63,1001.9,MHR
91,28.1,25.4,3.88,86.46,999.5,MHR
92,28.1,25.3,3.63,85.89,1001.1,MHR
93,27.3,24,3.25,87.31,1004.9,MHR
94,26,22,2.07,81.33,1010.9,LTR
95,21.4,15.4,1.17,74.51,1014.4,NRT
96,18.7,14,1.53,76.66,1016.4,NRT
97,17.4,12.4,1.72,75.11,1014.9,NRT
98,19.4,11.1,2.08,69.36,1007.1,NRT
99,25.3,15.2,3.13,62.28,1009.9,LTR
100,27.6,19.5,3.53,70.79,1009.2,LTR
101,28.1,22.7,3.83,76.68,1004.7,MHR
102,27.5,23.8,3.68,86.97,1001.7,MHR
103,27.9,25.4,3.38,87.33,1001.1,MHR
104,28,25.4,2.93,86.82,1000.4,MHR
105,28,24.3,2.28,86.23,1005.8,LTR
106,26.3,22.7,2.25,82.46,1010.7,LTR
107,22.9,17.6,1.98,78.44,1014.8,NRT
108,18.5,13.8,1.83,77.27,1014.5,NRT
109,17.3,11.7,2.33,74.24,1013.5,NRT
110,20.8,11.7,2.27,66.87,1013.2,NRT
111,25.8,18.4,6.32,69.81,1010.6,LTR
112,28.1,21.1,4.92,73.18,1005.1,LTR
113,29.5,23.5,2.85,73.98,1005.3,LTR
114,27.9,20.4,3.4,87.55,1001,MHR
115,28.2,25.7,3.32,87.67,1000.6,MHR
116,27.3,25.1,3.53,88.89,1003.6,MHR
117,28.4,24.2,3.12,83.38,1005.1,LTR
118,26.7,22.6,1.67,80.79,1010.4,LTR
119,23.2,17.4,0.93,76.81,1013.3,NRT
120,19.3,14.1,1.73,75.93,1015.7,NRT
121,17.5,12.9,2.33,78.11,1015.7,NRT
122,20.5,12.3,2.48,69.98,1014.1,NRT
123,25.9,16.7,3.78,65.36,1009.6,LTR
124,28.5,21.8,3.75,74.54,1008.5,LTR
125,29.6,24.5,3.88,77.81,1002,LTR
126,28.4,24.9,3.38,87.18,1001.9,MHR
127,27.9,25.7,3.78,89.05,1000.3,MHR
128,28.2,25.5,2.9,86.36,1001.6,LTR
129,27.8,24.4,2.5,86.29,1001.4,LTR
130,26.3,23.3,2.93,85.87,1006.1,MHR
131,22.9,18,2.37,80.28,1012.4,LTR
132,18.5,11.1,1.75,75.74,1013.7,NRT
133,17.2,10.3,2.03,79.81,1014.5,NRT
134,19.4,9.4,2.88,72.3,1012,NRT
135,23.7,12.3,2.25,66.9,1011.5,NRT
136,27.9,3.2,3.47,64.8,1011.5,NRT
137,29.1,14.5,3.03,77.09,1004,LTR
138,28,14.5,3.52,85.39,997.3,LTR
139,27.4,19.9,4.03,87.05,1000.4,LTR
140,27.3,24.8,3.52,87.26,1003,MHR
141,28.1,24.2,2.65,85.51,996.5,MHR
142,27.1,23.8,2.78,83.47,1009.7,LTR
143,22.7,17.6,2.63,79.83,1014.7,LTR
144,17.6,5.5,1.67,81.43,1015.4,NRT
145,18.2,9.7,1.88,72.63,1014.5,NRT
146,18.6,8.2,2.58,67.42,1011.9,NRT
147,26,16.9,4.34,66.59,1008.5,LTR
148,26.9,20.4,5.36,73.75,1008.2,LTR
149,28.5,23.8,5.64,78.47,1004.6,LTR
150,28.2,19.3,4.7,84.39,1002.1,MHR
151,28.6,25.4,4.92,84.55,999.3,MHR
152,27.9,25.1,4.04,86.02,1002.8,MHR
153,28.3,24,2.6,83.31,1007.2,LTR
154,26.8,22.2,2.28,80,1011.9,LTR
155,23.4,17.3,1.76,75.5,1012.8,NRT
156,19.2,12.9,2.08,74.33,1014.9,NRT
157,18.6,11.6,1.64,70.33,1015,NRT
158,21.9,12.8,2.56,68.26,1014.1,LTR
159,25.1,13.1,2.5,66.42,1011.6,NRT
160,29.1,22,5.94,73.07,1004.4,LTR
161,27.2,23.5,3.74,82.39,1005,MHR
162,28,24.5,3.84,86.8,1001.2,MHR
163,29.1,20.4,3.88,83.14,1000,LTR
164,28.5,25.6,3.56,85.77,1002.5,LTR
165,27.8,19.6,3.08,87.96,1005.3,LTR
166,27.3,19.2,2.24,83.88,1008.7,LTR
167,23.1,14.8,2.42,83.05,1012.5,LTR
168,19,11.8,1.62,79.34,1015.1,NRT
169,18,12.5,1.68,73.73,1013.8,NRT
170,20.7,11.1,1.98,66.13,1012.6,NRT
171,25,18.3,3.46,72.16,1010.4,LTR
172,27.2,22.2,4.2,79.86,1007,LTR
173,27.8,18.9,4.22,80.81,1004.4,LTR
174,27.8,19.4,4.14,86.54,1000.8,MHR
175,27.1,25.2,3.62,90.14,1001.4,MHR
176,28.4,20.4,3.9,86.09,1000.5,LTR
177,27.8,19.2,3.06,85.82,999.4,LTR
178,27.3,24.3,1.74,85.71,1007.4,LTR
179,24.7,15.7,2.18,79.86,1010.9,NRT
180,18.4,10.6,2.04,76.08,1015.1,NRT
181,18.2,12.4,3.2,74.13,1011.5,NRT
182,21.4,10,3.87,66.63,1013.6,NRT
183,25.8,16.7,3.42,65.03,1010.3,NRT
184,28.2,21.5,5.97,73.98,1006.7,LTR
185,28.1,23.7,4.72,79.54,1003.6,LTR
186,28.8,20.4,3.33,83.42,997.9,LTR
187,27.1,24.9,3.85,88.46,1002.8,MHR
188,28.2,21.1,3.72,85.21,1001.8,LTR
189,27.7,24.2,2.98,87.03,1005.9,LTR
190,27.5,24.4,2.02,85.27,1007.2,LTR
191,22.8,17.8,2.3,80.7,1012.3,LTR
192,18.5,10.9,2.3,77.56,1014.4,NRT
193,18.3,11.5,1.83,70.02,1015.5,NRT
194,21.8,11.5,2.32,70.58,1006.5,NRT
195,26,15.7,3.17,70.9,1009.4,LTR
196,28.3,20,4.68,71.34,1007.7,LTR
197,27.8,19.4,3.98,79.74,1000.5,LTR
198,27.1,23.9,3.87,88.27,1001.6,MHR
199,27.8,25.3,3.5,87.5,1001.2,MHR
200,27.4,20.8,3.23,87.75,1004,MHR
201,28.4,24.1,3.33,83.52,993.9,LTR
202,26.7,23,2.45,82.69,1008.6,LTR
203,25,15.8,2.03,76.3,1008.1,NRT
204,19,13.5,2.15,74.97,1012.5,NRT
205,17.8,11.4,3.16,71.37,1013.8,NRT
206,20.7,12.2,3.11,69.7,1013.8,LTR
207,26.4,19.1,4.66,69.99,1011.9,NRT
208,25.2,17.8,6.66,81.88,1007.4,MHR
209,26.5,19.4,5.47,81.83,1005.5,MHR
210,27,20.4,5.11,87.71,1002.4,MHR
211,28.1,18.3,5.33,86.91,999.7,LTR
212,28.3,25.5,5.36,85.9,1002.1,LTR
213,28.4,24.5,3.39,84.82,1005.2,LTR
214,25.9,22.4,3.11,83.26,1011.9,LTR
215,23.7,19.1,2.34,81.33,1013.5,LTR
216,19.2,14.3,2.19,77.09,1015.4,NRT
217,16.3,10.6,2.84,73.2,1016.1,NRT
218,20.7,8.4,2.96,62.14,1015.7,NRT
219,24.2,13.7,3.44,59.42,1010.8,LTR
220,26.6,15.8,3.78,72.77,1008.1,LTR
221,26.5,23.3,4.44,84.35,1003.1,MHR
222,27.4,24.4,3.66,88.27,1000.9,MHR
223,27.9,25.4,3.12,86.97,1002,MHR
224,28.8,25.7,3.66,84.12,1000.3,LTR
225,27.6,24.3,3.16,87.13,1005,LTR
226,27.2,23.7,3.94,82.3,1009.5,LTR
227,23.3,17.9,3.02,77.76,1013.4,NRT
228,18.6,13,2.4,73.42,1016.3,NRT
229,18.5,10.4,1.95,73.42,1015.3,NRT
230,20.1,11.2,2.32,67.36,1013.3,NRT
231,24.9,15.5,5.48,62.96,1009.3,NRT
232,28,20.3,4.62,70.75,1007.1,LTR
233,29.2,23.9,5.37,76.72,1004.5,LTR
234,28.5,24.5,6.1,84.68,1001,MHR
235,28,25.6,5,87.81,1002.2,MHR
236,28.2,21.2,3.42,86.21,1001.3,LTR
237,27.7,24.2,2.42,86.41,1006.1,MHR
238,26.6,22.9,2.25,81.78,1011.3,LTR
239,24.5,19.3,1.87,79.26,1012.8,NRT
240,19.7,15.5,2.38,79.79,1015.8,NRT
241,18.6,12.2,2.03,72.52,1014.5,NRT
242,21.4,12.6,2.32,66.45,1013.2,NRT
243,25.6,17.9,2.85,67.91,1010.7,LTR
244,28.8,21.1,4.78,70.26,1006.8,LTR
245,27.1,23,3.77,80.17,1005.4,MHR
246,28.4,24.4,3.4,84.17,1000.4,MHR
247,28.5,25.5,3.33,84.77,1001.3,MHR
248,28.5,25.5,2.93,84.67,1002.3,MHR
249,28.4,24.4,2.38,84.37,1005.5,LTR
250,26.7,22.9,2.02,81.42,1009.6,LTR
251,23.9,16.9,1.43,71.57,1012.9,NRT
252,20.7,14.5,1.65,71.89,1013.6,NRT
253,19.4,13.1,2.57,71.48,1015.2,NRT
254,21.7,12.8,2.4,68.15,1013.1,LTR
255,24.8,17,3.28,67.44,1011.5,LTR
256,26.2,20.6,4.1,77.69,1008.1,MHR
257,27.6,23.3,3.63,80.07,1005,MHR
258,29.2,24.5,3.28,81.48,1000.1,LTR
259,27.9,25.5,3.63,87.43,1001.2,MHR
260,28.8,21.3,3.47,84.02,1000.6,LTR
261,28.4,20.3,2.72,83.96,1006.4,LTR
262,27.7,18.4,1.68,74.77,1009.2,NRT
263,24.2,13.7,1.85,69.37,1011.2,NRT
264,19.9,11.4,2.4,72.01,1016,LTR
265,19.4,12.6,1.64,69.9,1015.7,NRT
266,21.2,12,2.21,66.81,1013.2,NRT
267,24.4,16,2.83,66.31,1011.9,LTR
268,27,20.7,4.13,75.66,1008.2,LTR
269,29.3,24,3.09,76.32,1006.7,LTR
270,27.9,24.4,3.01,86.45,1001.8,MHR
271,28.6,25.6,3.16,85.14,1002.2,MHR
272,28.5,25.5,3.67,85.02,1001,MHR
273,28.5,24.5,2.29,84.22,1005.3,LTR
274,27.7,22.9,1.37,77.87,1011.2,LTR
275,22.4,16.5,1.69,75.6,1012.9,LTR
276,20,14,1.56,73.15,1014.7,NRT
277,18.4,12.4,1.69,72.58,1015.9,NRT
278,20.5,11,2.29,65.79,1014,LTR
279,25.2,18.7,3.19,72.71,1010.7,LTR
280,27,20.2,3.39,73.99,1008.5,MHR
281,27.5,23.4,2.46,80.79,1007.1,MHR
282,28.7,24.7,2.86,84.51,1003.7,MHR
283,28.6,25.7,2.76,85.78,1003.6,MHR
284,28.2,25.5,2.73,86.81,1004.1,MHR
285,28.3,21.2,2.5,86.55,1005.7,MHR
286,27.4,20.4,1.97,82.94,1008,LTR
287,24.6,15.4,2.03,73.49,1013.6,NRT
288,19.2,11.6,1.77,74.22,1015.3,NRT
289,18.3,12.3,2,72.15,1014.2,NRT
290,20.7,11.9,2.27,65.54,1012.9,NRT
291,26.4,16.3,2.76,60.81,1010,NRT
292,28.6,20.9,4.16,70.07,1006.6,LTR
293,27.5,23.9,4.26,82.8,1003.5,MHR
294,28.4,24.4,3.51,84.13,998.2,MHR
295,28,25.2,3.53,85.65,1001.7,MHR
296,28.5,25.4,3.11,84.75,1000.7,MHR
297,27.7,23.7,2.3,84.18,1006.6,MHR
298,27.8,23.9,1.81,81.02,1009.1,LTR
299,23.6,16.7,1.54,71.48,1014,NRT
300,19.5,13.9,1.86,73.84,1013.3,NRT
301,19.1,13.3,1.6,73.29,1015.5,NRT
302,21.4,12.4,1.96,67.57,1009.8,NRT
303,26.7,20.7,3.46,73.96,1008.6,LTR
304,28,18.8,3.69,75.91,1005.4,LTR
305,27.9,20.2,2.91,79.4,1004,LTR
306,28.4,21.1,3.03,85.01,999.1,MHR
307,27.8,24.8,4.03,85.13,1002.8,MHR
308,28.8,25.5,3.37,83.46,1001.1,MHR
309,28,24.2,2.76,84.96,1005.7,MHR
310,27.6,22.7,2.13,77.31,1009.6,LTR
311,23.6,16.9,1.84,72.79,1012.6,NRT
312,20.7,14.3,2.19,71.71,1014.7,NRT
313,19.2,13.2,2.39,73.42,1015.3,NRT
314,21.8,11.5,2.34,63.31,1013.9,NRT
315,26.6,15.6,2.91,59.24,1009.7,NRT
316,27,20.7,4.64,74.73,1007.6,MHR
317,28.2,22.8,3.3,75.68,1005.2,LTR
318,29.4,24.6,3.91,81.5,999.8,LTR
319,28.3,25.2,3.83,84.87,1002.1,MHR
320,29.2,25.5,3.16,82.32,1002.3,MHR
321,27.6,23.8,3.26,85.49,1007,MHR
322,26.6,22.7,2.34,81.61,1011.1,LTR
323,24.1,18.8,2.29,78.47,1013.2,LTR
324,20.5,15.2,2.16,75.15,1016.4,NRT
325,19.5,13.4,2.53,72.63,1016.6,NRT
326,22.3,13.1,2.66,67.61,1015.2,NRT
327,25.3,18,3.83,69.44,1010.9,LTR
328,27.3,21,4.66,75.02,1008.4,LTR
329,28.9,23.5,3.47,75.73,1007.7,LTR
330,29.2,24.9,3.84,83.5,1001.1,MHR
331,28.1,25.6,4.11,87.39,1001.3,MHR
332,28.4,25.4,3.73,85.05,1002.7,MHR
333,28.5,24.6,3.23,84.92,1006.1,MHR
334,27.5,23.1,2.03,79.53,1011.1,LTR
335,24.5,18.7,2.33,76.7,1012.1,LTR
336,20.4,15.2,2.23,76.18,1016,NRT
337,19.5,13.5,2.37,72.78,1014.8,NRT
338,22.2,14.5,2.94,71.03,1012.8,LTR
339,25.3,18.7,3.47,71.53,1009.2,LTR
340,28.2,21.8,3.93,74.96,1008.3,LTR
341,27.8,24.1,5.04,82.36,1004.1,MHR
342,28.4,24.2,4.51,83.68,1001.4,MHR
343,28.4,25.5,4.21,85.27,1002.5,MHR
344,28.2,25.6,3.91,86.81,1003.2,MHR
345,28.8,24.5,3.36,83.33,1005.6,LTR
346,27.3,23,2.89,80.25,1007.6,LTR
347,24.2,18.5,2.61,77.28,1012.7,LTR
348,20.7,16.5,1.8,79.93,1015.8,NRT
349,17.1,11.2,2.69,73.12,1014.2,NRT
350,21,12.2,3.49,68.47,1012.5,NRT
351,25.2,16.5,3.47,65.42,1009.7,NRT
352,28.4,21.1,5.46,72.1,1005.8,LTR
353,29.1,24.5,4.47,78.67,1003.7,LTR
354,28.5,24.3,3.94,83.9,1002.1,MHR
355,28.3,25.4,3.71,85.64,1002.3,MHR
356,28.8,25.3,3.03,83.01,1002.9,LTR
357,27.9,24.4,2.71,86.6,1005.6,MHR
358,26.9,23.8,2.46,84.72,1008.9,LTR
359,22.9,17.4,1.61,77.54,1015,NRT
360,18.5,13.3,1.89,75.8,1017,NRT
361,18.8,14.6,1.89,79.44,1014.3,NRT
362,21.6,14.4,2.4,74.47,1013.8,LTR
363,23.1,17.7,3,75.55,1012.6,LTR
364,26.3,21,4.37,78.66,1007.1,LTR
365,28,23.8,3,80,1004.4,MHR
366,28.6,24.8,3.47,85.35,1000.5,MHR
367,28,25.4,3.16,86.87,1000.6,MHR
368,28.9,25.6,2.9,83.84,1004,LTR
369,28.1,24.4,2.81,85.76,1005.8,MHR
370,26.3,22.5,2.33,81.98,1010.1,LTR
371,24.7,19.4,1.76,78.52,1012.3,LTR
372,20,14.9,1.74,76.24,1015.9,NRT
373,17.9,12.4,2.09,74.73,1015.3,NRT
374,22,14.3,2.61,72.94,1013.9,LTR
375,26.1,19.1,2.74,70.52,1010.1,LTR
376,27.5,21.4,3.86,76.25,1007.4,LTR
377,26.5,23.7,4.86,85.62,1005.9,MHR
378,27.9,24.6,3.36,87.25,1002,MHR
379,28.7,25.7,3.84,85.17,1000.4,LTR
380,28.6,25.6,3.46,84.96,1001.7,MHR
381,27.7,24.5,2.7,88.24,1006.5,MHR
382,26.9,23.7,2.11,84.81,1008.9,MHR
383,22.5,17.1,1.71,77.57,1014.9,NRT
384,18.8,14.2,2.03,77.96,1015.9,LTR
385,18,13.8,2.13,79.18,1017,NRT
386,19.8,13.4,2.79,75.03,1013.5,LTR
387,26.2,19.1,4.06,70.56,1009.8,NRT
388,28.8,21.5,4.29,72,1007.5,LTR
389,27.7,23.1,3.81,78.57,1005.7,LTR
390,28.9,24.4,3.41,82.49,1001.6,LTR
391,28,25.3,3.44,86.34,1002.5,MHR
392,28.6,25.4,2.99,84.22,1003.3,LTR
393,28.2,24.1,2.74,84.12,1005.7,LTR
394,27.1,23.1,2.16,81.7,1009.3,LTR
395,23.4,17.8,1.84,76.92,1014.1,NRT
396,18.5,13.4,2.17,76.39,1016.8,NRT
397,17.6,12.5,2.33,76.56,1015.3,NRT
398,21.7,14.3,2.86,73.8,1013.5,LTR
399,23.9,16.1,3.19,68.4,1011.6,LTR
400,26.8,20.3,3.26,74.66,1009.1,LTR
401,27,23.3,3.66,81.98,1005.3,MHR
402,28,24.2,4.09,85.07,1001.8,MHR
403,28.3,25.5,3.53,85.79,1001.4,MHR
404,28.3,25.5,3.24,85.96,1002.3,MHR
405,27.9,24.1,2.71,85.11,1006.3,MHR
406,27,23.7,1.96,83.76,1011.3,LTR
407,23.7,18.6,1.71,79.11,1013.1,NRT
408,20,14.6,1.83,75.29,1015.3,NRT
409,19,13.8,2.1,76,1014.1,NRT
410,19.9,12.2,2.47,72.29,1013.1,LTR
411,25.3,18.8,3.77,72.85,1010.1,LTR
412,27.1,20.8,2.9,75.29,1008.1,LTR
413,28.5,24.2,3.59,79.69,1005,LTR
414,28.3,24.6,3.84,85.36,999.8,MHR
415,28.7,25.4,3.66,83.5,999.4,LTR
416,28.6,25.5,3.31,84.24,1002.1,MHR
417,28.6,24,2.6,82.06,1006,LTR
418,26.6,22.8,2.19,81.94,1011.5,LTR
419,23.2,18.1,1.71,79.37,1014.8,NRT
420,18.7,13.1,1.5,75.12,1016,NRT
421,17.2,11.2,2.6,73.56,1016.5,NRT
422,20.4,13,2.27,74.43,1013.4,LTR
423,24.7,16,2.86,65.82,1010.8,NRT
424,28.4,21.3,3.61,72.84,1007.6,LTR
425,29.2,24.8,4.11,79.53,1003.8,LTR
426,28.4,24.8,3.14,85.9,1000.9,MHR
427,28,25.4,4.2,86.56,1000.9,MHR
428,28.5,25.7,3.5,85.94,1002.5,MHR
429,28.2,24.5,3.07,85.82,1005.7,LTR
430,27.5,23.9,2.06,82.67,1009.6,LTR
431,23.9,19.5,2.31,82.41,1011.4,LTR
432,19.1,15,1.74,80.59,1016.5,NRT
433,17.9,13.1,2.77,77.33,1014.7,NRT
434,21.2,13.7,3.54,71.97,1013.2,NRT
435,26.2,20.2,4.07,74.02,1007.9,LTR
436,27.7,21.5,3.3,75.83,1007.2,LTR
437,28.6,24.4,4.06,80.18,1004.6,MHR
438,28,24,3.66,84.11,1002.9,MHR
439,28.3,25.6,3.33,86.13,1001.2,MHR
440,28,25.3,3.27,86.31,1003.8,LTR
441,28.8,24.8,2.83,84.43,1004.1,LTR
442,26.6,22.7,2.87,81.66,1009.4,LTR
443,23.2,18.2,2.27,79.4,1011.7,NRT
444,19.6,14.5,2.44,76.44,1015,NRT
445,18.5,13.6,2.9,77.12,1014.6,NRT
446,19.7,11.9,3.19,71.85,1012.7,NRT
447,25.3,18.8,3.81,72.99,1011.1,LTR
448,25,19.4,3.5,77.18,1010.5,LTR
449,27.9,23.5,3.63,79.44,1005.3,LTR
450,28.1,24.1,3.74,84.79,1002.7,MHR
451,28.2,25.7,3.29,87.17,1000.6,MHR
452,28.7,25.7,3.24,84.98,1002.7,MHR
453,27.4,24,3.06,86.98,1007.5,MHR
454,26.3,22,2.06,80.21,1013.3,LTR
455,23.6,18.4,2,78.94,1014.4,NRT
456,18.6,15.1,2.39,82.73,1016.3,NRT
457,16.8,12.8,2.69,80.76,1016.1,NRT
458,21,13.4,2.69,73.47,1014.7,NRT
459,23.2,16.2,3.4,71.6,1012.2,LTR
460,26.6,21.3,3.23,79.36,1009.3,LTR
461,28.3,24.3,3.13,81.1,1005.2,LTR
462,29.5,25.4,3.64,84.11,1002,LTR
463,28,25.8,3.26,88.62,1002.3,MHR
464,28.3,25.9,3.03,87.38,1004.4,MHR
465,28.7,24.7,2.4,84.48,1006.8,LTR
466,28.3,24.7,2.1,82.64,1008.7,LTR
467,24.9,19.8,2.31,80.04,1011.2,LTR
468,20.4,15.5,2.04,78.23,1014.5,NRT
469,18.6,13.3,2.27,75.73,1013.5,NRT
470,22.5,14.1,2.74,70.85,1013.8,NRT
471,26.1,18,3.11,67.55,1006.7,NRT
472,29.2,22.9,3.24,74.67,1005.5,LTR
473,27.7,24,3.43,81.99,1003.3,MHR
474,28.4,24.5,3.21,84.88,1001.7,MHR
475,28,25.5,3.06,87.04,1000.3,MHR
476,28.1,25.4,3.01,86.36,1002.6,MHR
477,27.8,24.4,2.3,86.4,1005.9,LTR
478,27.2,24.3,2.3,85.2,1008.9,MHR
479,23.8,18.6,1.76,78.46,1012.5,NRT
480,20.2,15.3,1.9,77.04,1015,NRT
481,18,13.4,2.39,77.86,1014.3,LTR
482,19.8,12.7,2.56,71.84,1013.3,LTR
483,24.4,18.6,2.67,73.81,1009.9,LTR
484,26.9,21.9,3.86,78.89,1006.3,LTR
485,27.3,23.9,3.33,82.77,1004.3,MHR
486,28.4,24.6,3.26,84.92,1002.1,MHR
487,28.6,25.4,3.14,83.56,1001.1,LTR
488,28.5,25.6,2.83,85.12,1002.6,MHR
489,27.9,24.3,2.76,85.59,1005.9,LTR
490,27.1,24,2.59,84.33,1008,LTR
491,23.6,18.8,1.76,79.57,1012.7,NRT
492,19.2,14.1,1.94,75.37,1014.1,NRT
493,17.2,11.7,2.34,73.23,1013.6,NRT
494,21.2,13.7,2.5,72.13,1011.4,LTR
495,25,17.5,2.83,67.62,1010.1,NRT
496,27.8,21.4,3.53,73.61,1008.1,LTR
497,27.3,23.8,2.99,82.22,1003.8,MHR
498,27.7,24.4,3.31,86.98,1000.8,MHR
499,28.4,25.7,3.46,85.5,1001.1,MHR
500,29.1,26.1,2.66,84.06,1002.4,MHR
501,28.3,24.7,2.31,85.38,1006,LTR
502,27.2,24.4,2.09,85.2,1009.5,LTR
503,23.8,19.9,1.86,83.32,1013.7,LTR
504,19,15.1,1.9,80.52,1016.4,NRT
505,18.7,14.1,2.34,77.25,1015.4,NRT
506,21.3,13.1,2.77,69.36,1015.4,NRT
507,24.8,17.6,3,69.06,1010.8,LTR
508,26.5,21.2,3.8,78.05,1008.3,LTR
509,27.1,23.4,3.49,81.72,1003.5,MHR
510,27.9,24.4,3.21,86.48,1002.4,MHR
511,28,25.8,2.96,88.36,1001,MHR
512,28.3,25.4,2.96,85.36,1002.7,MHR
513,28.4,24.2,2.63,82.86,1006.7,LTR
514,26.8,23.1,2.16,81.86,1010.3,LTR
515,23.6,18.9,2.24,80.12,1012.3,LTR
516,19.7,15.7,2.26,80.75,1014.7,NRT
517,16.2,12.3,2.93,80.03,1016.6,NRT
518,21.3,13.8,2.76,71.62,1014.4,NRT
519,23.5,17.5,3.16,72.1,1011.7,LTR
520,27.8,22.4,3.64,77.22,1008.3,LTR
521,28.5,24.3,3.34,79.1,1004.7,LTR
522,27.8,24.3,3.7,85.84,1000.7,MHR
523,28.9,25.8,3.63,83.79,1003,LTR
524,29,25.7,3.13,82.44,1003.1,LTR
525,28.3,24.8,2.63,85.43,1004.5,LTR
526,27.4,24.5,2.44,84.77,1010.4,LTR
527,23,17.7,1.93,77.01,1013.8,NRT
528,19.8,15.7,2.13,79.27,1015.6,LTR
529,17.8,13.9,2.77,80.1,1015.3,NRT
530,20.9,13.5,2.87,70.02,1013.4,NRT
531,26,20,3.7,72.17,1010.3,NRT
532,26.6,21.9,3.99,80.02,1007.5,LTR
533,29.2,24.4,3.31,76.68,1003.8,LTR
534,28.1,24.5,3.19,85.15,1002.5,MHR
535,28.1,25.5,3.6,85.91,1002.5,MHR
536,28.8,25.7,3.34,83.43,1001.8,LTR
537,27.5,24.4,2.94,87.6,1006.8,MHR
538,26.4,22.9,2.53,82.28,1011.5,LTR
539,22.8,17.7,1.81,77.77,1013.4,NRT
540,20.1,15.5,1.96,77.38,1014.8,NRT
541,18.1,13.6,2.66,77.04,1014.9,NRT
542,22.3,14.5,3.3,71.32,1013.2,NRT
543,25.5,20.6,3.53,76.42,1011.1,LTR
544,27.7,21.9,3.31,75.07,1009.6,LTR
545,27.5,23.5,3.41,79.83,1005.5,MHR
546,29.3,25.2,3.06,83.04,1000.4,LTR
547,28.4,25.6,3.03,85.32,1002.3,MHR
548,28.5,26,2.9,86.38,1001.5,MHR
549,28.7,24.8,2.29,84.33,1005.8,MHR
550,26.9,23.9,2.21,84.51,1010.5,MHR
551,23.1,18.4,1.77,79.46,1012.5,NRT
552,20.1,15.2,2.29,76.17,1013.5,NRT
553,18.1,13.6,2.44,77.78,1014.3,NRT
554,23.7,16.5,2.61,74.73,1012,NRT
555,26,18.2,3.13,66.58,1010,NRT
556,27.5,21.6,3.11,75.03,1007.2,LTR
557,28.3,23.9,2.96,78.72,1005.1,MHR
558,28.4,24.9,2.63,85.52,1002.7,MHR
559,28.8,25.8,2.66,84.39,1000.5,LTR
560,28.8,25.4,2.96,82.68,1002.4,LTR
561,28.2,24.5,2.67,84.92,1006.1,MHR
562,27.5,24.1,1.59,82.38,1010.9,LTR
563,23.5,18.8,1.7,79.54,1013,NRT
564,19.6,15.2,1.59,78.31,1015.1,NRT
565,17.1,12.3,2.16,77.07,1016.1,NRT
566,20.8,14.2,2.66,75.77,1014,LTR
567,24,16.3,3.1,66.79,1011.2,LTR
568,26.9,21.7,3.21,77.69,1008.6,LTR
569,28.9,24.6,2.83,78.5,1005.3,LTR
570,28.2,24.6,2.89,85.56,1002.4,MHR
571,28,25.7,2.96,87.52,1001.3,MHR
572,28.8,25.8,2.6,84.46,1001.9,MHR
573,28.2,24.5,2.43,84.77,1004.2,MHR
574,26.8,23.4,2.29,82.43,1008.6,LTR
575,23.8,19.6,2.17,81.73,1012.2,LTR
576,19.2,15,1.83,78.67,1014.1,NRT
577,18.3,14,2.34,78.37,1013.9,NRT
578,19.5,12.5,2.57,71.09,1013.6,NRT
579,25.4,20.5,2.73,75.89,1009.5,LTR
580,28.1,21.7,2.93,73.13,1007.1,LTR
581,28.5,23.9,2.84,77.35,1003.6,LTR
582,28.1,24.5,3,85.35,1001.6,MHR
583,28.1,25.6,3.07,86.72,1001.2,MHR
584,28.3,25.7,2.73,86.48,1002.8,MHR
585,28.6,24.6,2.49,83.73,1005.1,LTR
586,26.6,23.3,2.44,83.32,1009.7,LTR
587,23.2,17.8,1.69,77.01,1012.5,NRT
588,20.3,17,1.6,83.3,1014.1,NRT
589,19,14.8,1.99,79.45,1015.2,NRT
590,22,13.6,2.49,68.96,1011.5,NRT
591,25.5,18.1,2.56,67.47,1009.7,NRT
592,28.6,22.7,3.04,75.84,1006.5,LTR
593,28.3,24.1,2.83,78.76,1004.9,MHR
594,29.1,24.9,2.54,82.17,1006.6,LTR
595,28.7,25.6,2.71,84.11,1000.2,MHR
596,28.5,25.9,2.43,86.2,1005.4,MHR
597,28.7,24.8,2.06,84.02,1006.9,LTR
598,27,23.2,1.6,81.35,1010.7,LTR
599,23.8,18.4,1.59,77.2,1012.6,NRT
600,19,14.8,1.51,79.31,1014.7,NRT
601,17,12.7,2.11,79.07,1015.9,NRT
602,21.1,12.7,2.13,68.41,1013.5,NRT
603,26.9,19.8,2.96,68.41,1009.6,LTR
604,28.6,23.2,3.39,76.98,1007.4,LTR
605,28.4,24.4,2.41,79.7,1004.3,MHR
606,28.3,24.9,2.44,86.13,1002.7,MHR
607,29,25.9,2.11,83.88,1003.4,LTR
608,29.1,26,2.03,84.03,1004.3,MHR
609,28.3,24.8,2.04,85.71,1006.1,LTR
610,27.7,24.2,2.04,82.08,1007.1,LTR
611,24.2,19.1,1.71,78.38,1011.7,NRT
612,19.3,14.6,1.9,77.2,1011.4,LTR
613,16.5,12.1,2.2,78.15,1013.3,NRT
614,21.3,13,2.19,68.7,1012.1,NRT
615,25,18.1,2.86,68.96,1009.5,LTR
616,27.1,20.9,2.29,73.77,1008.9,LTR
617,27.7,24.1,2.34,81.23,1004.6,MHR
618,28.5,24.8,2.34,84.91,1000.2,MHR
619,28.6,25.7,2.23,84.48,1001.9,MHR
620,28.3,25.6,2.11,85.77,1002.9,MHR
621,28.6,24.6,2.1,83.57,1003.6,LTR
622,27.7,23.7,1.5,80.28,1008.9,LTR
623,22.9,17.5,1.39,76.9,1012.4,NRT
624,18.9,15,1.73,80.46,1013.8,NRT
625,17.8,13.2,1.94,77.06,1014.1,NRT
626,20.8,12.1,2.33,65.55,1011.4,NRT
627,26,18.8,2.53,68.43,1009.2,NRT
628,26.8,21.5,2.57,77.68,1007.3,LTR
629,29,24.5,2.27,77.42,1003.6,LTR
630,28.7,24.9,2.64,84.36,999,MHR
631,28.7,25.8,2.57,84.45,1000.9,MHR
632,28.8,25.7,2.11,83.81,1002.3,MHR
633,28.6,24.8,2.04,84.52,1005.7,LTR
634,27,23.2,1.66,80.94,1010.1,LTR
635,22.7,17.7,1.64,78.11,1011.8,LTR
636,17.7,14.6,1.5,84.02,1013.6,NRT
637,16.7,11.7,1.83,75.53,1015.2,NRT
638,21.6,13.1,2.13,67.68,1013.3,NRT
639,26,18.7,2.26,67.83,1010.4,NRT
640,27.7,21.4,2.61,73.38,1007.1,LTR
641,27,24,2.77,83.8,1003.8,MHR
642,29.5,25.1,2.1,81.78,1001,MHR
643,28.8,25.7,2.23,83.36,1000.4,MHR
644,28.4,25.6,2.27,85.21,1003.5,MHR
645,28.5,24.8,1.9,84.71,1004.8,LTR
646,26.8,23.7,1.67,83.9,1009.9,LTR
647,22.7,17.3,1.51,76.3,1012.7,NRT
648,19.1,15,1.46,79.58,1013.5,NRT
649,17.6,13.7,1.87,79.92,1016.5,NRT
650,19.9,13,2.17,73.79,1013,NRT
651,25,17.3,2.49,66.42,1011.8,NRT
652,28.8,21.1,2.34,68.67,1008.1,LTR
653,28.9,24.4,2.89,77.59,1005.7,LTR
654,28.9,25,2.1,84.61,1000.2,MHR
655,29.2,25.9,2.46,82.52,1000.7,LTR
656,28.4,25.8,2.16,86.37,1003.2,MHR
657,28.5,24.5,2.09,83.92,1005.9,MHR
658,27.1,23.1,1.6,79.99,1011.1,LTR
659,23.5,18.2,1.3,77.35,1012.2,NRT
660,18.8,15.5,1.47,83.07,1014.8,NRT
661,18.6,14.4,2.16,78.95,1015.8,NRT
662,21.1,14.1,1.9,73.99,1014.4,NRT
663,24.9,17.3,2.69,66.74,1012.8,LTR
664,26.6,21.3,2.69,77.33,1009.4,LTR
665,28.5,24.4,2.56,79.35,1005.8,MHR
666,28.6,24.7,2.79,83.82,1002.4,MHR
667,28.2,25.5,2.41,85.71,1000.6,MHR
668,28.6,25.8,2.34,85.47,1003.7,MHR
669,28.7,24.7,1.79,83.96,1006.1,LTR
670,27.3,23.4,1.8,80.51,1011.1,LTR
671,23.7,18.5,1.46,77.92,1013.4,NRT
672,19.3,15.1,1.57,78.77,1015.7,NRT
