ID,Station,Year,Month,TEM,DPT,WIS,HUM,SLP,T_RAN,A_RAIN,RAN
1,Mymensingh,1960,1,16.9,11.3,2,73.39,1016,15,0.48,NRT
2,Mymensingh,1960,2,21.4,12.6,1.7,66.34,1013,0,0,NRT
3,Mymensingh,1960,3,24.1,14.9,2.3,64.13,1011.4,69,2.23,LTR
4,Mymensingh,1960,4,29.9,17.6,2.2,59.03,1007.1,27,0.9,NRT
5,Mymensingh,1960,5,29.6,23.2,2.4,73.45,1003.4,187,6.03,LTR
6,Mymensingh,1960,6,28.2,24.1,2,84.03,1001.6,363,12.1,MHR
7,Mymensingh,1960,7,27.7,25.2,2.2,87.87,1002,383,12.35,MHR
8,Mymensingh,1960,8,28.7,25.6,3,85.65,1000.5,355,11.45,MHR
9,Mymensingh,1960,9,28,24.6,1.6,87.63,1005,579,19.3,MHR
10,Mymensingh,1960,10,27,22.9,1.5,80.58,1009.9,53,1.71,LTR
11,Mymensingh,1960,11,21.8,17.4,1.5,81.3,1013.7,6,0.2,NRT
12,Mymensingh,1960,12,18.5,14.5,1.5,80.06,1015.2,0,0,NRT
13,Mymensingh,1961,1,17.8,13.3,1.3,77.52,1016.3,0,0,NRT
14,Mymensingh,1961,2,17.8,11.3,1.6,75.46,1012.3,0,0,NRT
15,Mymensingh,1961,3,25.2,18.6,2.1,72.97,1009.8,0,0,NRT
16,Mymensingh,1961,4,27.8,21,2,72.53,1006.8,15,0.5,NRT
17,Mymensingh,1961,5,28.9,24.9,2.2,81.39,1003.7,295,9.52,LTR
18,Mymensingh,1961,6,27.6,24.2,2,87.27,1001.7,456,15.2,MHR
19,Mymensingh,1961,7,28.2,25.3,2,86.68,1000.2,242,7.81,LTR
20,Mymensingh,1961,8,28.4,25.5,2,85.58,1001,150,4.84,LTR
21,Mymensingh,1961,9,28.1,24,2.1,84.3,1003.6,121,4.03,LTR
22,Mymensingh,1961,10,26.3,22.9,1.4,84.16,1010,86,2.77,LTR
23,Mymensingh,1961,11,21.5,16.9,1.1,80.33,1014.6,3,0.1,NRT
24,Mymensingh,1961,12,16.1,12.8,1.2,81.52,1014.8,0,0,NRT
25,Mymensingh,1962,1,16,11.1,1.3,75.35,1014.3,6,0.19,NRT
26,Mymensingh,1962,2,19.8,12.9,1.5,74.54,1014.6,10,0.36,NRT
27,Mymensingh,1962,3,25.9,10.6,1.9,49.65,1010.7,1,0.03,NRT
28,Mymensingh,1962,4,28,19,2.2,65.97,1008.1,51,1.7,LTR
29,Mymensingh,1962,5,27.2,22.3,2.1,77.45,1005.1,390,12.58,MHR
30,Mymensingh,1962,6,27.9,24.2,1.9,86.13,1000.2,461,15.37,MHR
31,Mymensingh,1962,7,28.7,25.8,1.7,85.9,999.9,311,10.03,MHR
32,Mymensingh,1962,8,27.7,25.3,1.9,87.71,1003.4,353,11.39,MHR
33,Mymensingh,1962,9,28.5,24.4,2.2,83.9,1005.1,210,7,LTR
34,Mymensingh,1962,10,26.1,22.4,1.7,82.23,1010.6,103,3.32,LTR
35,Mymensingh,1962,11,22.4,18.1,1.9,82.6,1014.2,0,0,NRT
36,Mymensingh,1962,12,18.1,15.1,1,84.1,1015.9,0,0,NRT
37,Mymensingh,1963,1,16.7,11.5,0.6,74.77,1015.5,0,0,NRT
38,Mymensingh,1963,2,20.7,12.2,0.8,68.18,1014.1,0,0,NRT
39,Mymensingh,1963,3,23.5,16.2,1.1,70.13,1011.3,40,1.29,LTR
40,Mymensingh,1963,4,26.3,19.2,2.5,71.93,1009.2,74,2.47,LTR
41,Mymensingh,1963,5,27,23.1,2,82.23,1005.8,223,7.19,LTR
42,Mymensingh,1963,6,27.7,24.4,1.4,88.63,1001.1,518,17.27,MHR
43,Mymensingh,1963,7,27.8,25.8,1.5,90.55,999.9,410,13.23,MHR
44,Mymensingh,1963,8,28.1,25.9,1.7,89,1002.4,313,10.1,MHR
45,Mymensingh,1963,9,28.5,24.5,0.9,84.7,1005.5,174,5.8,LTR
46,Mymensingh,1963,10,26.7,24,1.8,86.77,1011.1,160,5.16,LTR
47,Mymensingh,1963,11,23.3,18.4,0.3,80.27,1014.6,82,2.73,LTR
48,Mymensingh,1963,12,19.9,14.7,0,75.13,1015.8,1,0.03,NRT
49,Mymensingh,1964,1,17.3,11.8,0.1,73.87,1015.9,13,0.42,NRT
50,Mymensingh,1964,2,20.8,13.9,0.8,73.38,1014.1,49,1.69,LTR
51,Mymensingh,1964,3,25.8,18.6,1.5,69.39,1011,31,1,LTR
52,Mymensingh,1964,4,26.4,21.5,2,80.1,1007.4,101,3.37,LTR
53,Mymensingh,1964,5,27.5,24.2,1.3,83.74,1005.1,368,11.87,MHR
54,Mymensingh,1964,6,27.7,24.7,2,89.2,1000.9,598,19.93,MHR
55,Mymensingh,1964,7,27.5,25.6,0.7,90.23,1003.1,488,15.74,MHR
56,Mymensingh,1964,8,29,26.6,1.4,88.13,1001.1,237,7.65,LTR
57,Mymensingh,1964,9,28.1,24.8,0.5,87.5,1004.8,448,14.93,MHR
58,Mymensingh,1964,10,27.3,24.3,1.4,85.29,1008.2,396,12.77,MHR
59,Mymensingh,1964,11,24.1,18.3,1.2,76.03,1012.8,0,0,NRT
60,Mymensingh,1964,12,19.9,15.8,1.2,80.35,1015.8,0,0,NRT
61,Mymensingh,1965,1,19,13.4,0.2,74.74,1016.6,0,0,NRT
62,Mymensingh,1965,2,20.6,12.8,0.7,71.11,1013,19,0.68,NRT
63,Mymensingh,1965,3,24.8,14.9,2,61.68,1012,25,0.81,NRT
64,Mymensingh,1965,4,29,19.5,2.2,63.73,1007.5,59,1.97,LTR
65,Mymensingh,1965,5,29.2,23.2,2.4,73.4,1004.4,204,6.58,LTR
66,Mymensingh,1965,6,28,24.7,2,87.93,999.8,409,13.63,MHR
67,Mymensingh,1965,7,28.2,25.6,1.9,87.16,1001.7,558,18,MHR
68,Mymensingh,1965,8,27.2,25.1,1,89.16,1004.3,669,21.58,MHR
69,Mymensingh,1965,9,28.3,24.6,1.4,85.4,1006.4,297,9.9,LTR
70,Mymensingh,1965,10,27.4,23.1,0.6,79.65,1011,76,2.45,LTR
71,Mymensingh,1965,11,24.3,18.7,1.5,76.97,1015.3,19,0.63,NRT
72,Mymensingh,1965,12,20.6,14.9,0.5,73.03,1014.9,0,0,NRT
73,Mymensingh,1966,1,18.6,13.3,0.7,74.74,1017.1,20,0.65,NRT
74,Mymensingh,1966,2,,0,0.7,,,0,0,NRT
75,Mymensingh,1966,3,25.9,16.9,1.3,64.39,1009.5,4,0.13,NRT
76,Mymensingh,1966,4,30.1,19.7,1.9,62.53,1006.2,110,3.67,LTR
77,Mymensingh,1966,5,29.6,22.6,1.9,71.6,997.2,127,4.1,LTR
78,Mymensingh,1966,6,28.1,24.3,1.9,85.67,1001.1,218,7.27,LTR
79,Mymensingh,1966,7,28.5,25.7,1.6,85.45,1001.1,386,12.45,MHR
80,Mymensingh,1966,8,28,25.8,0.9,88.68,1002.8,472,15.23,MHR
81,Mymensingh,1966,9,28.2,24.2,1.2,84.2,1006.5,179,5.97,LTR
82,Mymensingh,1966,10,26.1,22,0.4,80.94,1011.2,189,6.1,LTR
83,Mymensingh,1966,11,24,18.3,0.1,76.67,1013,10,0.33,NRT
84,Mymensingh,1966,12,19.7,15.2,0.1,78.48,1005.9,7,0.23,NRT
85,Mymensingh,1967,1,19.1,13.1,0.6,71.61,1016,16,0.52,NRT
86,Mymensingh,1967,2,21.5,13,0.6,69.39,1012.7,0,0,NRT
87,Mymensingh,1967,3,24.7,17,1.5,68.45,1011.3,46,1.48,LTR
88,Mymensingh,1967,4,28,15.7,2.2,57.83,1007.9,74,2.47,LTR
89,Mymensingh,1967,5,28.6,23.4,1.9,76.73,1004.1,284,9.16,LTR
90,Mymensingh,1967,6,28,24,1.7,83.5,1001.6,211,7.03,LTR
91,Mymensingh,1967,7,28.7,25.9,1,85.32,1000.8,451,14.55,MHR
92,Mymensingh,1967,8,28.5,25.6,1.8,84.74,1001.3,345,11.13,MHR
93,Mymensingh,1967,9,27.9,24.1,1.3,84.63,1004.9,283,9.43,LTR
94,Mymensingh,1967,10,26.8,22.8,0.7,80.55,1011,155,5,LTR
95,Mymensingh,1967,11,22.7,16.1,0.8,72.3,1014.6,23,0.77,NRT
96,Mymensingh,1967,12,19.6,14.9,1.2,77.39,1016.7,0,0,NRT
97,Mymensingh,1968,1,18.1,14.9,0.6,83.68,1015.4,5,0.16,NRT
98,Mymensingh,1968,2,20,12.2,0.8,69.76,1014.3,2,0.07,NRT
99,Mymensingh,1968,3,25.8,15.2,1.6,59.87,1009.8,37,1.19,LTR
100,Mymensingh,1968,4,28.3,19,1.1,64.93,1008.6,39,1.3,LTR
101,Mymensingh,1968,5,28.6,21.9,2.5,72.19,1003.8,293,9.45,LTR
102,Mymensingh,1968,6,28.9,23.6,2.2,82.76,999.9,464,15.47,MHR
103,Mymensingh,1968,7,28.3,25.7,1.4,87.1,1000.9,618,19.94,MHR
104,Mymensingh,1968,8,28.6,25.6,1.4,83.81,1001.3,244,7.87,LTR
105,Mymensingh,1968,9,28.2,24.3,0.7,85.33,1006.3,368,12.27,MHR
106,Mymensingh,1968,10,27,22.8,0.6,79.35,1011.3,144,4.65,LTR
107,Mymensingh,1968,11,24.1,17.4,1,72.73,1015.6,0,0,NRT
108,Mymensingh,1968,12,19.7,14.2,0.8,74.29,1015.3,0,0,NRT
109,Mymensingh,1969,1,18,11.9,0.9,71.23,1014.2,0,0,NRT
110,Mymensingh,1969,2,20.8,11.8,1.9,66.18,1013.9,2,0.07,NRT
111,Mymensingh,1969,3,26.1,17.6,1.5,65.68,1010.9,139,4.48,LTR
112,Mymensingh,1969,4,28.4,21.4,2.2,73.5,988.4,169,5.63,LTR
113,Mymensingh,1969,5,29.5,22.9,1.6,71.55,1005.5,176,5.68,LTR
114,Mymensingh,1969,6,,0,1.6,,,0,0,NRT
115,Mymensingh,1969,7,28.8,26,1.6,86.1,1000.7,338,10.9,MHR
116,Mymensingh,1969,8,27.7,25.1,1.7,86.74,1003.5,634,20.45,MHR
117,Mymensingh,1969,9,28.9,24.4,1.3,81.8,1005.5,267,8.9,LTR
118,Mymensingh,1969,10,27.4,22.6,1.3,77.65,1011.1,50,1.61,LTR
119,Mymensingh,1969,11,23.9,17.2,1,73.03,1014.1,0,0,NRT
120,Mymensingh,1969,12,20.2,14,1,70.9,1016.4,0,0,NRT
121,Mymensingh,1970,1,17.9,11.9,1.4,71.16,1016.5,23,0.74,NRT
122,Mymensingh,1970,2,21,11.1,1.4,62.82,1014.9,0,0,NRT
123,Mymensingh,1970,3,26.4,15.5,2.1,60.61,1009.8,6,0.19,NRT
124,Mymensingh,1970,4,29.4,20.7,1.7,67.9,1008.3,117,3.9,LTR
125,Mymensingh,1970,5,30,23.7,1.6,72.71,1003.8,176,5.68,LTR
126,Mymensingh,1970,6,28.5,24.5,1.2,84.4,1002.1,570,19,MHR
127,Mymensingh,1970,7,28.2,25.5,1.4,86.39,1000.4,323,10.42,MHR
128,Mymensingh,1970,8,28.8,25.7,1.4,84.32,1003,207,6.68,LTR
129,Mymensingh,1970,9,28.3,24.3,0.9,83.83,1004.6,242,8.07,LTR
130,Mymensingh,1970,10,26.9,23.4,0.8,83.19,1009,274,8.84,LTR
131,Mymensingh,1970,11,23.8,17.5,0.5,73.6,1013.4,8,0.27,NRT
132,Mymensingh,1970,12,19.9,13,0.5,68.77,1014.3,0,0,NRT
133,Mymensingh,1971,1,,,1.4,,,0,0,NRT
134,Mymensingh,1971,2,,,1.4,,,0,0,NRT
135,Mymensingh,1971,3,,,2.1,,,0,0,NRT
136,Mymensingh,1971,4,,,1.7,,,0,0,NRT
137,Mymensingh,1971,5,,,1.6,,,0,0,NRT
138,Mymensingh,1971,6,,,1.2,,,0,0,NRT
139,Mymensingh,1971,7,,,1.4,,,0,0,NRT
140,Mymensingh,1971,8,28.3,25.6,1.6,85.94,1003.6,369,11.9,MHR
141,Mymensingh,1971,9,28.5,25.1,1.9,86.67,1005.9,897,29.9,MHR
142,Mymensingh,1971,10,28.6,25.4,1.9,84.06,1010.3,445,14.35,MHR
143,Mymensingh,1971,11,24.5,20.9,0.6,85.27,1015.6,58,1.93,LTR
144,Mymensingh,1971,12,20.1,13.5,1.7,69.75,1015.1,0,0,NRT
145,Mymensingh,1972,1,19.8,12.7,1.2,67.87,1015.6,0,0,NRT
146,Mymensingh,1972,2,19.5,10.2,1.9,62.93,1013.1,20,0.69,NRT
147,Mymensingh,1972,3,26.5,19.4,1.3,82.29,1001,35,1.13,LTR
148,Mymensingh,1972,4,27.3,19.9,2.2,70.6,1008.6,89,2.97,LTR
149,Mymensingh,1972,5,29.1,23.6,2.2,75.39,1005.1,127,4.1,LTR
150,Mymensingh,1972,6,28.4,24.4,1.9,84.03,1002.2,625,20.83,MHR
151,Mymensingh,1972,7,29,25.7,1.9,84.23,999.2,418,13.48,MHR
152,Mymensingh,1972,8,28.7,25.3,2.4,83.23,1002.7,130,4.19,LTR
153,Mymensingh,1972,9,28.7,24.1,1.2,81.6,1007.5,204,6.8,LTR
154,Mymensingh,1972,10,26.5,21.7,1,82.83,1014,6,0.19,NRT
155,Mymensingh,1972,11,24.1,17.8,1.3,74.33,1013.6,0,0,NRT
156,Mymensingh,1972,12,19.5,12.3,0.5,79.8,1015.4,0,0,NRT
157,Mymensingh,1973,1,19.2,11.1,1.4,67.35,1015.5,24,0.77,NRT
158,Mymensingh,1973,2,22.7,12.3,1,63.54,1014.5,15,0.54,NRT
159,Mymensingh,1973,3,,0,1,,,0,0,NRT
160,Mymensingh,1973,4,29.5,21,2,70.1,997.5,114,3.8,LTR
161,Mymensingh,1973,5,27,22.9,1.9,81.1,1005,284,9.16,LTR
162,Mymensingh,1973,6,27.8,24.5,1.9,88.71,1000.2,262,8.73,LTR
163,Mymensingh,1973,7,30.1,25.6,1.7,79.2,998.6,162,5.23,LTR
164,Mymensingh,1973,8,29.3,26.2,1.9,85.29,1002.7,121,3.9,LTR
165,Mymensingh,1973,9,,,1.2,,,0,0,NRT
166,Mymensingh,1973,10,,,1,,,0,0,NRT
167,Mymensingh,1973,11,,,1.3,,,0,0,NRT
168,Mymensingh,1973,12,,,0.5,,,0,0,NRT
169,Mymensingh,1974,1,18.9,12.6,0.9,70.74,1014.1,0,0,NRT
170,Mymensingh,1974,2,23.4,12.9,1,67.2,1012.4,0,0,NRT
171,Mymensingh,1974,3,25.6,19.8,1.8,74.74,1011,0,0,NRT
172,Mymensingh,1974,4,27.2,22.5,1.6,80.63,1006.7,0,0,NRT
173,Mymensingh,1974,5,,,1.6,,,0,0,NRT
174,Mymensingh,1974,6,,,1.6,,,0,0,NRT
175,Mymensingh,1974,7,28,26.1,1.1,90.48,1001.1,526,16.97,MHR
176,Mymensingh,1974,8,29.8,27,1.4,86.58,1000.7,106,3.42,LTR
177,Mymensingh,1974,9,28.8,25.4,0.5,87.67,1006.3,217,7.23,LTR
178,Mymensingh,1974,10,27.4,25.3,0.3,90.17,1006.3,0,0,NRT
179,Mymensingh,1974,11,,,0.5,,,0,0,NRT
180,Mymensingh,1974,12,,,0.5,,,0,0,NRT
181,Mymensingh,1975,1,17.9,14.7,0.5,83.53,1015.2,0,0,NRT
182,Mymensingh,1975,2,20.4,12.5,0.6,72.04,1014.7,0,0,NRT
183,Mymensingh,1975,3,26.2,17.8,0.8,64.81,1010.6,0,0,NRT
184,Mymensingh,1975,4,28.8,23.2,1.5,78.97,1006.3,8,0.27,NRT
185,Mymensingh,1975,5,27.9,23.8,1,80.11,1003.7,3,0.1,NRT
186,Mymensingh,1975,6,29.3,24.9,0.6,83.73,1000.7,0,0,NRT
187,Mymensingh,1975,7,27,25.1,0.5,89.87,1002.6,0,0,NRT
188,Mymensingh,1975,8,28,25.6,0.8,88,1002.2,17,0.55,NRT
189,Mymensingh,1975,9,28.3,25,0.5,87.63,1006.6,0,0,NRT
190,Mymensingh,1975,10,28.3,25.9,0.4,88.13,1007.9,0,0,NRT
191,Mymensingh,1975,11,23.4,19.4,0.1,88.47,1013,0,0,NRT
192,Mymensingh,1975,12,18.6,14.4,0,91.23,1015.6,0,0,NRT
193,Mymensingh,1976,1,17.5,11.5,0.4,71.96,1016.7,0,0,NRT
194,Mymensingh,1976,2,20.5,15.4,0.1,80.82,995.2,8,0.28,NRT
195,Mymensingh,1976,3,24.9,20.4,0.1,80.31,1010,0,0,NRT
196,Mymensingh,1976,4,28.4,17.9,1,64.37,1007.7,84,2.8,LTR
197,Mymensingh,1976,5,28.2,23.1,0.7,79.52,985,237,7.65,LTR
198,Mymensingh,1976,6,27.6,24.7,0.2,89.43,1001.5,394,13.13,MHR
199,Mymensingh,1976,7,28.2,26.1,0.3,89.74,1001.7,577,18.61,MHR
200,Mymensingh,1976,8,27.6,25.5,0.3,90.11,1004.5,475,15.32,MHR
201,Mymensingh,1976,9,28.5,25.2,0.1,88.26,1007.1,195,6.5,LTR
202,Mymensingh,1976,10,27.5,25.2,0.3,89.13,1009.6,135,4.35,LTR
203,Mymensingh,1976,11,25.5,20,0,80.17,995.1,0,0,NRT
204,Mymensingh,1976,12,19.3,14.1,0,75.96,1015.9,0,0,NRT
205,Mymensingh,1977,1,18.7,11.3,3.7,68.16,1014.4,12,0.39,NRT
206,Mymensingh,1977,2,21.6,11.5,3.6,64.14,1014,119,4.25,LTR
207,Mymensingh,1977,3,27.6,17.5,5.8,61.65,1011.7,0,0,NRT
208,Mymensingh,1977,4,25.6,20.8,8.7,80.13,1007.4,327,10.9,MHR
209,Mymensingh,1977,5,26.9,22.7,7.4,80.32,1005.5,729,23.52,MHR
210,Mymensingh,1977,6,27.1,24.1,7.4,89,1002.3,794,26.47,MHR
211,Mymensingh,1977,7,28.8,26,7.7,85.9,999.9,250,8.06,LTR
212,Mymensingh,1977,8,29.3,26.1,9.8,84.42,1002.1,176,5.68,LTR
213,Mymensingh,1977,9,29.3,24.7,4.7,82.43,1005.5,189,6.3,LTR
214,Mymensingh,1977,10,26.4,22.5,3.9,81.61,1012.6,196,6.32,LTR
215,Mymensingh,1977,11,24.4,19.3,3.1,79.1,1014,36,1.2,LTR
216,Mymensingh,1977,12,20.4,14.6,2.8,73.87,1016.1,19,0.61,NRT
217,Mymensingh,1978,1,17.9,11.3,3,68.84,1016.6,0,0,NRT
218,Mymensingh,1978,2,21.3,10.6,3.1,59.57,1016.1,0,0,NRT
219,Mymensingh,1978,3,25.1,12.8,3.8,53.26,1010.6,46,1.48,LTR
220,Mymensingh,1978,4,26.3,19.5,4.1,72.77,1008.2,119,3.97,LTR
221,Mymensingh,1978,5,26,23.2,5.8,85.42,1003.1,405,13.06,MHR
222,Mymensingh,1978,6,27.4,24.4,5.1,88.37,1001,509,16.97,MHR
223,Mymensingh,1978,7,28.2,25.5,3.5,86.19,1002.2,475,15.32,MHR
224,Mymensingh,1978,8,29.2,25.6,4.3,82.39,1000.6,124,4,LTR
225,Mymensingh,1978,9,27.8,24.6,6.8,87.5,1005.2,213,7.1,LTR
226,Mymensingh,1978,10,27.5,23.5,8.8,81.48,1009.8,33,1.06,LTR
227,Mymensingh,1978,11,23.2,17.5,5.9,77.03,1013.6,0,0,NRT
228,Mymensingh,1978,12,18.7,12.6,2.2,71.65,1016.7,0,0,NRT
229,Mymensingh,1979,1,18.3,11.8,1.7,71,1016,0,0,NRT
230,Mymensingh,1979,2,19.3,9.6,2.6,63.93,1013.8,2,0.07,NRT
231,Mymensingh,1979,3,24.5,12.2,4.1,54.16,1008.1,6,0.19,NRT
232,Mymensingh,1979,4,28.5,18.2,5,62.8,1005.7,45,1.5,LTR
233,Mymensingh,1979,5,29.2,23.8,5,76.03,1004.5,195,6.29,LTR
234,Mymensingh,1979,6,28.7,24.7,5.5,85.07,1001.2,184,6.13,LTR
235,Mymensingh,1979,7,28.1,26.1,4.7,89.61,1002.3,220,7.1,LTR
236,Mymensingh,1979,8,28.5,25.8,4.4,86.13,1001,125,4.03,LTR
237,Mymensingh,1979,9,28.1,24.3,3.4,85.53,1006.4,100,3.33,LTR
238,Mymensingh,1979,10,26.7,23,3.8,81.94,1011.8,52,1.68,LTR
239,Mymensingh,1979,11,24.5,19.4,2.5,79.3,1012.9,18,0.6,NRT
240,Mymensingh,1979,12,19.4,15.3,2.5,79.94,1016.3,11,0.35,NRT
241,Mymensingh,1980,1,17.2,11.6,2.5,73.13,1015,2,0.06,NRT
242,Mymensingh,1980,2,23,11.3,3.2,54.72,1013.5,11,0.38,NRT
243,Mymensingh,1980,3,27.7,16,4.2,54.19,1010.7,16,0.52,NRT
244,Mymensingh,1980,4,30.9,20.8,7.5,60.27,1006.3,84,2.8,LTR
245,Mymensingh,1980,5,27.8,23.1,6.5,76.77,1005.3,723,23.32,MHR
246,Mymensingh,1980,6,29.6,24.5,6.2,79.07,1001.7,289,9.63,LTR
247,Mymensingh,1980,7,29.6,25.7,6.5,80.58,1000.9,309,9.97,LTR
248,Mymensingh,1980,8,29.6,25.7,5.5,80.77,1002,464,14.97,MHR
249,Mymensingh,1980,9,29.3,24.7,4.1,81.33,1005.8,214,7.13,LTR
250,Mymensingh,1980,10,28.3,23.2,3.2,75.55,1009.9,209,6.74,LTR
251,Mymensingh,1980,11,26.4,16.7,2,59.7,1013.5,0,0,NRT
252,Mymensingh,1980,12,23.1,15,1.5,63,1013.9,0,0,NRT
253,Mymensingh,1981,1,20.8,13,3,65.48,1016,12,0.39,NRT
254,Mymensingh,1981,2,23.2,11.9,3.7,60.14,1013.7,48,1.71,LTR
255,Mymensingh,1981,3,27,14.7,4.7,53.84,1012,51,1.65,LTR
256,Mymensingh,1981,4,27.2,20.3,6.4,71.87,1008.5,280,9.33,LTR
257,Mymensingh,1981,5,28,23,5.6,76.45,1005.5,369,11.9,MHR
258,Mymensingh,1981,6,30.5,24.5,4.3,75.93,1000.3,103,3.43,LTR
259,Mymensingh,1981,7,28.8,25.6,5.5,83.74,1000.9,683,22.03,MHR
260,Mymensingh,1981,8,29.6,25.7,5.1,80.81,1000.7,262,8.45,LTR
261,Mymensingh,1981,9,29.2,24.3,3.7,80.63,1006.5,278,9.27,LTR
262,Mymensingh,1981,10,29.7,21.7,2.3,65.68,1009.4,22,0.71,NRT
263,Mymensingh,1981,11,26.5,16,2,59.4,1011.5,0,0,NRT
264,Mymensingh,1981,12,21.8,14,2.5,65.71,1016.3,79,2.55,LTR
265,Mymensingh,1982,1,21.8,13,2.7,62.26,1015.8,0,0,NRT
266,Mymensingh,1982,2,23.1,9.4,3.5,51.18,1013.2,2,0.07,NRT
267,Mymensingh,1982,3,26.2,14.9,3.5,56.61,1011.6,65,2.1,LTR
268,Mymensingh,1982,4,29,18.7,5,61.77,1007.5,124,4.13,LTR
269,Mymensingh,1982,5,30.4,24,5.4,71,1006.1,276,8.9,LTR
270,Mymensingh,1982,6,28.7,24.5,4.9,83.7,1000.7,689,22.97,MHR
271,Mymensingh,1982,7,29.2,26,4.5,83.61,1000.6,582,18.77,MHR
272,Mymensingh,1982,8,30,25.5,5.4,78.32,1000.3,337,10.87,MHR
273,Mymensingh,1982,9,29.9,24.7,3.5,79.03,1005.4,243,8.1,LTR
274,Mymensingh,1982,10,29.4,22.8,1.8,70.58,1011.4,28,0.9,NRT
275,Mymensingh,1982,11,25.3,16.6,2.5,65.13,1013.6,8,0.27,NRT
276,Mymensingh,1982,12,21.5,13.9,2.6,66.35,1015.6,0,0,NRT
277,Mymensingh,1983,1,20.6,11.8,2.4,62.29,1016.9,9,0.29,NRT
278,Mymensingh,1983,2,22.9,8.2,3.4,47.64,1014.3,3,0.11,NRT
279,Mymensingh,1983,3,27.1,15.6,3.8,56.94,1010.3,66,2.13,LTR
280,Mymensingh,1983,4,28.8,17.2,4.8,58.83,1007.8,115,3.83,LTR
281,Mymensingh,1983,5,27.7,23.1,3.5,78.81,1006.5,512,16.52,MHR
282,Mymensingh,1983,6,29.3,24.9,4.8,83.07,1002.5,112,3.73,LTR
283,Mymensingh,1983,7,29.2,26.1,3.9,85.32,1002.2,413,13.32,MHR
284,Mymensingh,1983,8,28.7,25.6,4.7,85.19,1002.6,865,27.9,MHR
285,Mymensingh,1983,9,28.6,24.9,3.4,85.97,1005.7,281,9.37,LTR
286,Mymensingh,1983,10,27.8,23.7,2.5,81.03,1008.2,453,14.61,MHR
287,Mymensingh,1983,11,25.1,17.3,2.9,68.8,1014.1,0,0,NRT
288,Mymensingh,1983,12,19.7,13.5,2.2,72.03,1015.9,11,0.35,NRT
289,Mymensingh,1984,1,18.7,12,2,70.03,1015,13,0.42,NRT
290,Mymensingh,1984,2,21.1,10.9,2.8,61.1,1013.6,0,0,NRT
291,Mymensingh,1984,3,26.6,15.7,3.3,59.03,1009.7,15,0.48,NRT
292,Mymensingh,1984,4,28.9,20.5,4.4,68.27,1006.2,28,0.93,NRT
293,Mymensingh,1984,5,27,23.9,5.3,84.9,1003.5,476,15.35,MHR
294,Mymensingh,1984,6,28.5,24.5,4.9,84.57,997.9,512,17.07,MHR
295,Mymensingh,1984,7,28.3,25.5,4.3,85.94,1001.5,689,22.23,MHR
296,Mymensingh,1984,8,29.1,25.6,4.3,83.35,1000.7,257,8.29,LTR
297,Mymensingh,1984,9,27.5,23.9,3.3,86.33,1006.5,468,15.6,MHR
298,Mymensingh,1984,10,27.8,23.9,3,81.61,1009.3,221,7.13,LTR
299,Mymensingh,1984,11,24.2,16.2,2,68.03,1014.2,0,0,NRT
300,Mymensingh,1984,12,20.1,14,2.7,72.74,1013.4,0,0,NRT
301,Mymensingh,1985,1,19.4,12.8,2.3,70.35,1015.7,9,0.29,NRT
302,Mymensingh,1985,2,21.1,12,2.9,66.54,1009.6,37,1.32,LTR
303,Mymensingh,1985,3,27.1,18.2,4.8,65.35,1008.4,2,0.06,NRT
304,Mymensingh,1985,4,28.2,20.8,5.6,72.47,1005.1,190,6.33,LTR
305,Mymensingh,1985,5,28.1,23.6,3.6,79.03,1004.2,260,8.39,LTR
306,Mymensingh,1985,6,28.6,24.7,4.4,84.9,998.8,94,3.13,LTR
307,Mymensingh,1985,7,28.2,25.2,4.5,85.32,1002.6,251,8.1,LTR
308,Mymensingh,1985,8,29.3,25.7,3.9,82.84,1001.1,250,8.06,LTR
309,Mymensingh,1985,9,28.1,24.5,3.9,86.1,1005.6,357,11.9,MHR
310,Mymensingh,1985,10,27.9,22.6,2.4,75.55,1009.9,104,3.35,LTR
311,Mymensingh,1985,11,24.3,17,2.3,70.47,1012.9,0,0,NRT
312,Mymensingh,1985,12,21.5,14.3,2.6,68.65,1014.9,5,0.16,NRT
313,Mymensingh,1986,1,19.9,12.9,2.4,69.61,1015.6,0,0,NRT
314,Mymensingh,1986,2,22.2,10.6,2.4,58.21,1014.1,4,0.14,NRT
315,Mymensingh,1986,3,26.7,14,2.8,54.1,1009.6,0,0,NRT
316,Mymensingh,1986,4,26.6,20.5,6,75.27,1007.5,402,13.4,MHR
317,Mymensingh,1986,5,28.3,22.5,5,73.68,1005.2,195,6.29,LTR
318,Mymensingh,1986,6,29.5,24.9,7.1,81.53,999.5,285,9.5,LTR
319,Mymensingh,1986,7,28.4,25.4,5.7,84.9,1001.7,673,21.71,MHR
320,Mymensingh,1986,8,29.7,25.5,4.5,79.81,1002,270,8.71,LTR
321,Mymensingh,1986,9,27.9,23.7,5.1,83.13,1006.8,665,22.17,MHR
322,Mymensingh,1986,10,26.5,22.4,3.8,80.65,1011.2,377,12.16,MHR
323,Mymensingh,1986,11,24.6,19,3.3,76.8,1013.4,86,2.87,LTR
324,Mymensingh,1986,12,21,15.7,2.6,74.9,1016.7,14,0.45,NRT
325,Mymensingh,1987,1,20.1,13.8,2.9,71.61,1016.9,3,0.1,NRT
326,Mymensingh,1987,2,21.6,13.6,2.8,71.68,1015.6,0,0,NRT
327,Mymensingh,1987,3,24.6,18.2,4,72.1,1010.8,20,0.65,NRT
328,Mymensingh,1987,4,26.9,20.6,4.8,75.23,1008.1,136,4.53,LTR
329,Mymensingh,1987,5,28,23.7,3.9,79.29,1007.3,258,8.32,LTR
330,Mymensingh,1987,6,29.1,25.3,4.6,84.8,1000.7,379,12.63,MHR
331,Mymensingh,1987,7,27.9,25.7,5.5,88.13,1001,403,13,MHR
332,Mymensingh,1987,8,28.3,25.5,4.6,85.97,1002.7,512,16.52,MHR
333,Mymensingh,1987,9,28.1,24.8,3.7,87.1,1006,385,12.83,MHR
334,Mymensingh,1987,10,27.1,23.4,2.2,82.13,1010.9,95,3.06,LTR
335,Mymensingh,1987,11,23.5,18.7,2.1,80.77,1012.3,17,0.57,NRT
336,Mymensingh,1987,12,19.5,15.3,2.1,79.68,1016.3,1,0.03,NRT
337,Mymensingh,1988,1,18.4,13.7,2.1,77.71,1014.9,0,0,NRT
338,Mymensingh,1988,2,21.2,15.1,2.7,76.24,1012.9,45,1.55,LTR
339,Mymensingh,1988,3,24.1,18.8,3.8,75.97,1009.1,115,3.71,LTR
340,Mymensingh,1988,4,27.4,22.1,4.8,78.43,1008,94,3.13,LTR
341,Mymensingh,1988,5,26.7,23.7,5.6,84.9,1003.8,734,23.68,MHR
342,Mymensingh,1988,6,28.2,24.4,5.9,85.03,1001.2,587,19.57,MHR
343,Mymensingh,1988,7,28.4,25.8,4.4,86.65,1002.2,586,18.9,MHR
344,Mymensingh,1988,8,28.1,25.9,4.2,88.29,1002.9,411,13.26,MHR
345,Mymensingh,1988,9,28.6,24.6,3.5,84.57,1005.4,309,10.3,MHR
346,Mymensingh,1988,10,26.8,23.1,2.6,82.26,1007.7,195,6.29,LTR
347,Mymensingh,1988,11,23.4,18.2,2.5,79.23,1013,120,4,LTR
348,Mymensingh,1988,12,20.3,16.6,1.5,81.97,1016,13,0.42,NRT
349,Mymensingh,1989,1,16.6,11.6,2.5,75.97,1014.2,6,0.19,NRT
350,Mymensingh,1989,2,19.7,11.7,3.7,70.79,1012.5,17,0.61,NRT
351,Mymensingh,1989,3,24.2,17.1,3.3,69.52,1009.6,2,0.06,NRT
352,Mymensingh,1989,4,28.1,20.7,6.1,71.77,1005.1,23,0.77,NRT
353,Mymensingh,1989,5,28.6,24.5,5,80.52,1003.5,267,8.61,LTR
354,Mymensingh,1989,6,28.2,24.6,4.3,86.7,1002,340,11.33,MHR
355,Mymensingh,1989,7,28.1,25.6,3.7,87.42,1002.1,752,24.26,MHR
356,Mymensingh,1989,8,28.8,25.7,2.8,84.58,1003,171,5.52,LTR
357,Mymensingh,1989,9,27.5,24.4,3,88.7,1005.7,406,13.53,MHR
358,Mymensingh,1989,10,27,23.9,2.6,84.74,1009.1,284,9.16,LTR
359,Mymensingh,1989,11,22.8,17.7,2,79.13,1015.1,0,0,NRT
360,Mymensingh,1989,12,18.1,12.9,2.1,75.97,1017.2,6,0.19,NRT
361,Mymensingh,1990,1,18.7,14.2,1.9,78.19,1014.1,0,0,NRT
362,Mymensingh,1990,2,20.9,13.8,2.6,74.21,1013.8,83,2.96,LTR
363,Mymensingh,1990,3,22.6,17.3,3.5,75.1,1012.5,67,2.16,LTR
364,Mymensingh,1990,4,25.4,20.6,4.9,79.93,1006.7,116,3.87,LTR
365,Mymensingh,1990,5,27.6,24.1,3.1,82.58,1004.5,390,12.58,MHR
366,Mymensingh,1990,6,28.5,25.3,3.3,88.1,1000.4,529,17.63,MHR
367,Mymensingh,1990,7,28.1,25.9,3.6,88.58,1000.5,477,15.39,MHR
368,Mymensingh,1990,8,29,26.1,2.8,85.71,1004,237,7.65,LTR
369,Mymensingh,1990,9,28.1,24.7,3.3,86.9,1005.8,319,10.63,MHR
370,Mymensingh,1990,10,26,22.5,2.8,83.16,1010.3,213,6.87,LTR
371,Mymensingh,1990,11,24.3,19.1,2,78.83,1012.6,7,0.23,NRT
372,Mymensingh,1990,12,19.6,14.5,1.6,76.32,1016.1,1,0.03,NRT
373,Mymensingh,1991,1,17.6,11.7,2,72.68,1015.5,2,0.06,NRT
374,Mymensingh,1991,2,21.2,13.9,2.4,73.75,1013.9,15,0.54,NRT
375,Mymensingh,1991,3,25.1,18.2,2.4,70.48,1010,44,1.42,LTR
376,Mymensingh,1991,4,26.6,20.5,3.4,75.77,1007.3,77,2.57,LTR
377,Mymensingh,1991,5,25.3,23,5.2,87.39,1005.8,679,21.9,MHR
378,Mymensingh,1991,6,27.9,24.8,3.3,88.03,1001.9,603,20.1,MHR
379,Mymensingh,1991,7,28.9,26.1,4.1,86.06,1000.3,322,10.39,MHR
380,Mymensingh,1991,8,28.9,26.2,3.2,85.77,1001.8,238,7.68,LTR
381,Mymensingh,1991,9,27.1,24.7,2.5,91.63,1006.5,735,24.5,MHR
382,Mymensingh,1991,10,26.8,23.8,2.3,85.29,1009.1,520,16.77,MHR
383,Mymensingh,1991,11,22.3,17,1.7,77.83,1015.1,0,0,NRT
384,Mymensingh,1991,12,18.6,14,2.2,78,1016.2,77,2.48,LTR
385,Mymensingh,1992,1,18.3,14.1,1.7,79,1017.2,6,0.19,NRT
386,Mymensingh,1992,2,19.1,12.5,3,73,1013.7,36,1.24,LTR
387,Mymensingh,1992,3,25.1,17.4,3.9,67.71,1009.3,0,0,NRT
388,Mymensingh,1992,4,28.2,20.4,4.8,70.1,1007.1,20,0.67,NRT
389,Mymensingh,1992,5,27,22.7,4.4,79.29,1005.7,156,5.03,LTR
390,Mymensingh,1992,6,28.5,24.5,3.7,84.8,1001.5,270,9,LTR
391,Mymensingh,1992,7,28.1,25.6,4.2,87.13,1002.4,380,12.26,MHR
392,Mymensingh,1992,8,28.7,25.6,3.4,84.32,1003.5,155,5,LTR
393,Mymensingh,1992,9,28.1,24.2,3.4,84.97,1005.7,318,10.6,MHR
394,Mymensingh,1992,10,26.9,23.2,2.1,82.74,1009.6,241,7.77,LTR
395,Mymensingh,1992,11,23.2,17.5,2.2,76.57,1014.6,1,0.03,NRT
396,Mymensingh,1992,12,18.3,12.9,2.1,75.32,1017.2,1,0.03,NRT
397,Mymensingh,1993,1,16.9,12.3,2.3,77.77,1015.7,69,2.23,LTR
398,Mymensingh,1993,2,21.2,14.3,2.7,74.79,1013.7,13,0.46,NRT
399,Mymensingh,1993,3,23.2,15,4.1,66.52,1011.7,44,1.42,LTR
400,Mymensingh,1993,4,25.9,19.8,4.1,75.57,1009.1,183,6.1,LTR
401,Mymensingh,1993,5,26.4,22.9,4.5,82.26,1005.3,350,11.29,MHR
402,Mymensingh,1993,6,27.5,23.9,5.2,85.67,1001.7,811,27.03,MHR
403,Mymensingh,1993,7,28.4,25.5,4.5,85.19,1001.3,512,16.52,MHR
404,Mymensingh,1993,8,28.4,25.6,4.9,85.65,1002.3,478,15.42,MHR
405,Mymensingh,1993,9,27.9,24.1,3.5,85.1,1006.3,524,17.47,MHR
406,Mymensingh,1993,10,26.7,23.6,2.2,84.71,1011.3,229,7.39,LTR
407,Mymensingh,1993,11,23.6,18.7,2.3,80.17,1013.2,0,0,NRT
408,Mymensingh,1993,12,19.8,14.3,2.5,74.71,1015.7,0,0,NRT
409,Mymensingh,1994,1,18.8,13.4,2.6,74.87,1014.4,8,0.26,NRT
410,Mymensingh,1994,2,19.2,11.9,2.7,72.96,1013.5,59,2.11,LTR
411,Mymensingh,1994,3,24.6,18,4.3,72.45,1010.1,123,3.97,LTR
412,Mymensingh,1994,4,26.8,20.9,3.8,76.8,1008.2,77,2.57,LTR
413,Mymensingh,1994,5,28.1,23.9,4.6,80.23,1004.9,202,6.52,LTR
414,Mymensingh,1994,6,28.1,24.6,5.8,86.03,999.8,251,8.37,LTR
415,Mymensingh,1994,7,28.9,25.6,4.5,83.77,999.5,227,7.32,LTR
416,Mymensingh,1994,8,28.8,25.6,4,84.13,1002.2,323,10.42,MHR
417,Mymensingh,1994,9,28.5,24.2,3.5,82.8,1005.9,202,6.73,LTR
418,Mymensingh,1994,10,26.6,22.8,2.5,81.97,1011.5,132,4.26,LTR
419,Mymensingh,1994,11,23.1,17.9,2.1,78.87,1015.1,0,0,NRT
420,Mymensingh,1994,12,18.6,13.2,1.6,75.42,1016.5,0,0,NRT
421,Mymensingh,1995,1,16.9,10.8,2.5,72.42,1017,10,0.32,NRT
422,Mymensingh,1995,2,20.1,12.5,3.2,72.57,1013.4,19,0.68,NRT
423,Mymensingh,1995,3,23.9,15.8,3.4,66.94,1010.8,29,0.94,NRT
424,Mymensingh,1995,4,28,21,4.1,72,1007.3,81,2.7,LTR
425,Mymensingh,1995,5,29.1,24.7,6,78.81,1003.6,285,9.19,LTR
426,Mymensingh,1995,6,28.4,24.9,4.1,86.37,1000.9,565,18.83,MHR
427,Mymensingh,1995,7,28,25.5,4.9,87.19,1001,682,22,MHR
428,Mymensingh,1995,8,28.5,25.7,3.7,86.13,1002.4,528,17.03,MHR
429,Mymensingh,1995,9,28.3,24.6,3.5,85.8,1005.9,230,7.67,LTR
430,Mymensingh,1995,10,27.4,23.7,2.3,82.35,1010,115,3.71,LTR
431,Mymensingh,1995,11,23.8,19.3,2.3,81.43,1011.9,101,3.37,LTR
432,Mymensingh,1995,12,19.1,15.3,1.8,81.06,1017,0,0,NRT
433,Mymensingh,1996,1,17.9,12.6,2.4,74.74,1015.2,0,0,NRT
434,Mymensingh,1996,2,21,13.7,3.1,71.59,1013.6,14,0.48,NRT
435,Mymensingh,1996,3,25.8,19.4,3.3,72.55,1008,18,0.58,NRT
436,Mymensingh,1996,4,27.9,21.1,3.7,73.77,1007,42,1.4,LTR
437,Mymensingh,1996,5,28.2,24.1,5.1,80.16,1004.1,171,5.52,LTR
438,Mymensingh,1996,6,28.1,24.3,4.5,84.83,1002.6,210,7,LTR
439,Mymensingh,1996,7,28.5,25.9,3.7,86.68,1000.8,291,9.39,LTR
440,Mymensingh,1996,8,28.4,25.8,3.3,86.65,1003.4,276,8.9,LTR
441,Mymensingh,1996,9,28.9,25.1,2.8,85.17,1004.1,307,10.23,MHR
442,Mymensingh,1996,10,26.6,22.8,2.7,82.45,1009.3,291,9.39,LTR
443,Mymensingh,1996,11,23.2,18.2,2.1,79.33,1011.7,0,0,NRT
444,Mymensingh,1996,12,19.4,14.4,2.5,76.71,1014.8,0,0,NRT
445,Mymensingh,1997,1,17.1,11.7,3,74.94,1015.6,1,0.03,NRT
446,Mymensingh,1997,2,19.3,11.1,3.7,69.36,1012.6,12,0.43,NRT
447,Mymensingh,1997,3,24.9,17.9,3.8,70.45,1010.8,31,1,LTR
448,Mymensingh,1997,4,24.7,19.2,3.7,77.07,1010.2,172,5.73,LTR
449,Mymensingh,1997,5,27.7,23.3,4.3,79.32,1005,131,4.23,LTR
450,Mymensingh,1997,6,27.9,24.1,5.1,85.53,1002.2,396,13.2,MHR
451,Mymensingh,1997,7,28.3,25.8,5,87.19,1000.4,523,16.87,MHR
452,Mymensingh,1997,8,28.7,25.8,3.8,85.48,1002.6,417,13.45,MHR
453,Mymensingh,1997,9,27.4,24,3.2,86.87,1007.4,485,16.17,MHR
454,Mymensingh,1997,10,26.2,22.1,2.2,80.58,1013.3,8,0.26,NRT
455,Mymensingh,1997,11,23.3,18.2,2.4,78.57,1014.4,11,0.37,NRT
456,Mymensingh,1997,12,18.2,14.7,2.3,82.16,1016.3,21,0.68,NRT
457,Mymensingh,1998,1,16.6,12.1,2.6,77.81,1016.2,9,0.29,NRT
458,Mymensingh,1998,2,20.9,12.8,2.8,70.68,1014.5,11,0.39,NRT
459,Mymensingh,1998,3,22.7,16.1,3,71.77,1012,68,2.19,LTR
460,Mymensingh,1998,4,26.2,21.4,3.8,80.53,1009.1,161,5.37,LTR
461,Mymensingh,1998,5,28.4,24.4,3.9,81.13,1005,299,9.65,LTR
462,Mymensingh,1998,6,29.3,25.5,4.2,85.33,1001.6,176,5.87,LTR
463,Mymensingh,1998,7,27.9,25.9,3.7,90,1001.9,755,24.35,MHR
464,Mymensingh,1998,8,28.2,26.3,3.2,89.68,1004,517,16.68,MHR
465,Mymensingh,1998,9,28.6,24.8,2.4,84.97,1006.7,270,9,LTR
466,Mymensingh,1998,10,28.2,25,2.4,84.19,1008.5,50,1.61,LTR
467,Mymensingh,1998,11,24.8,19.7,2.1,79.27,1011.3,31,1.03,LTR
468,Mymensingh,1998,12,20.5,15.7,2,77.84,1014.7,0,0,NRT
469,Mymensingh,1999,1,18.4,13.4,2.3,75.94,1013.6,0,0,NRT
470,Mymensingh,1999,2,22.3,14.3,2.4,71.68,1013.8,0,0,NRT
471,Mymensingh,1999,3,25.3,17.4,3,68.1,1006.4,1,0.03,NRT
472,Mymensingh,1999,4,28.7,23.2,4,77.7,1005.1,108,3.6,LTR
473,Mymensingh,1999,5,27.5,24,3.9,83.03,1003,415,13.39,MHR
474,Mymensingh,1999,6,28.5,24.8,4,85.4,1001.2,211,7.03,LTR
475,Mymensingh,1999,7,28.2,25.8,3.5,87.29,999.9,401,12.94,MHR
476,Mymensingh,1999,8,28.2,25.7,3.9,87.26,1002.2,349,11.26,MHR
477,Mymensingh,1999,9,28,24.7,3.1,87.37,1005.7,175,5.83,LTR
478,Mymensingh,1999,10,27,24.3,2.7,86.65,1008.8,513,16.55,MHR
479,Mymensingh,1999,11,23.6,18.8,2,80.4,1012.4,1,0.03,NRT
480,Mymensingh,1999,12,19.9,15.9,2.2,80.58,1014.9,0,0,NRT
481,Mymensingh,2000,1,17.4,13.3,2.3,80.35,1014.1,18,0.58,NRT
482,Mymensingh,2000,2,19.2,12.3,2.9,72.9,1013.1,20,0.69,NRT
483,Mymensingh,2000,3,23.8,18.7,2.7,77.06,1009.7,74,2.39,LTR
484,Mymensingh,2000,4,26.1,21.6,4.5,81.9,1005.9,318,10.6,MHR
485,Mymensingh,2000,5,27,23.9,4.1,85.39,1004,462,14.9,MHR
486,Mymensingh,2000,6,28.3,24.9,4.6,86.63,1001.8,463,15.43,MHR
487,Mymensingh,2000,7,28.6,25.9,4.4,85.39,1000.9,150,4.84,LTR
488,Mymensingh,2000,8,28.5,26.3,3.2,88.06,1002.3,257,8.29,LTR
489,Mymensingh,2000,9,27.4,24.6,3.5,89.5,1005.7,385,12.83,MHR
490,Mymensingh,2000,10,27,24.2,3.6,85.58,1008.1,170,5.48,LTR
491,Mymensingh,2000,11,23.6,19.5,2.6,81.93,1012.7,0,0,NRT
492,Mymensingh,2000,12,19.3,14.6,2.1,76.45,1014.2,0,0,NRT
493,Mymensingh,2001,1,16.9,12.4,2.3,76.71,1013.5,0,0,NRT
494,Mymensingh,2001,2,20.7,14,2.6,74.43,1011.3,11,0.39,NRT
495,Mymensingh,2001,3,24.3,17.9,2.8,70.19,1009.9,16,0.52,NRT
496,Mymensingh,2001,4,27.2,21.3,4.2,74.9,1007.7,156,5.2,LTR
497,Mymensingh,2001,5,27.1,23.7,3.5,82.32,1003.7,358,11.55,MHR
498,Mymensingh,2001,6,28.1,24.8,4,86.6,1000.5,408,13.6,MHR
499,Mymensingh,2001,7,28.8,26.1,3.9,85.74,1000.6,183,5.9,LTR
500,Mymensingh,2001,8,29.4,26.5,3,84.13,1002.1,227,7.32,LTR
501,Mymensingh,2001,9,28.6,25.2,2.7,86.6,1005.7,356,11.87,MHR
502,Mymensingh,2001,10,27.3,24.6,2.2,85.61,1009.3,222,7.16,LTR
503,Mymensingh,2001,11,23.7,20,1.7,83.9,1013.5,11,0.37,NRT
504,Mymensingh,2001,12,18.9,15,1.4,80.19,1016.3,0,0,NRT
505,Mymensingh,2002,1,18.6,14.1,2.2,76.65,1015.3,6,0.19,NRT
506,Mymensingh,2002,2,21.1,13.8,1.9,72.93,1015.1,0,0,NRT
507,Mymensingh,2002,3,24.2,18.7,2.8,72.94,1010.5,41,1.32,LTR
508,Mymensingh,2002,4,25.9,21.3,3.9,80.5,1007.9,259,8.63,LTR
509,Mymensingh,2002,5,26.8,23.4,3.6,82.26,1003.3,389,12.55,MHR
510,Mymensingh,2002,6,27.9,24.6,3.1,87,1002,606,20.2,MHR
511,Mymensingh,2002,7,27.8,26.2,2.6,90.77,1000.5,440,14.19,MHR
512,Mymensingh,2002,8,28.6,25.9,2.8,84.97,1002.5,204,6.58,LTR
513,Mymensingh,2002,9,28.6,24.7,2.4,83.73,1006.5,255,8.5,LTR
514,Mymensingh,2002,10,26.6,23.6,1.5,84.26,1010.2,145,4.68,LTR
515,Mymensingh,2002,11,23.5,19.3,1.8,82.07,1012.2,87,2.9,LTR
516,Mymensingh,2002,12,19.3,16.1,1.7,84.06,1014.6,0,0,NRT
517,Mymensingh,2003,1,15.4,12.4,2.3,83.16,1016.6,0,0,NRT
518,Mymensingh,2003,2,20.8,14.2,2.1,74.57,1014.3,27,0.96,NRT
519,Mymensingh,2003,3,22.8,17.7,2.8,75.1,1011.5,87,2.81,LTR
520,Mymensingh,2003,4,27,22.4,3.2,79.77,1007.9,130,4.33,LTR
521,Mymensingh,2003,5,27.9,24.2,3.2,80.65,1004.4,267,8.61,LTR
522,Mymensingh,2003,6,28,24.7,4.1,85.87,1000.3,420,14,MHR
523,Mymensingh,2003,7,29.2,26.3,3.2,84.52,1002.6,213,6.87,LTR
524,Mymensingh,2003,8,29.3,26.5,3.3,84.35,1002.8,124,4,LTR
525,Mymensingh,2003,9,28.3,25.3,2.5,87.77,1005.5,190,6.33,LTR
526,Mymensingh,2003,10,27,24.6,2,87.19,1010.3,345,11.13,MHR
527,Mymensingh,2003,11,22.9,18.5,1.7,80.87,1013.7,0,0,NRT
528,Mymensingh,2003,12,19.7,15.9,2,79.87,1015.6,10,0.32,NRT
529,Mymensingh,2004,1,17.4,13.7,2.4,80.13,1015.1,6,0.19,NRT
530,Mymensingh,2004,2,20.6,14,2.5,72.34,1013.3,2,0.07,NRT
531,Mymensingh,2004,3,25.8,20.8,3.4,75.26,1013.3,13,0.42,NRT
532,Mymensingh,2004,4,25.9,21.9,4.1,81.93,1007.2,244,8.13,LTR
533,Mymensingh,2004,5,28.9,25.2,3.1,80.84,1003.4,87,2.81,LTR
534,Mymensingh,2004,6,28.2,25.1,3.2,87.7,1002.3,392,13.07,MHR
535,Mymensingh,2004,7,28.2,25.9,2.9,86.55,1002.2,753,24.29,MHR
536,Mymensingh,2004,8,29.1,26.2,3.1,84.16,1001.7,241,7.77,LTR
537,Mymensingh,2004,9,27.3,24.9,3,90.77,1007,250,8.33,LTR
538,Mymensingh,2004,10,26,23.6,1.8,86.84,1012.2,487,15.71,MHR
539,Mymensingh,2004,11,22.5,18.5,1.8,82.53,1014.2,0,0,NRT
540,Mymensingh,2004,12,19.7,16,2,81.32,1015.1,18,0.58,NRT
541,Mymensingh,2005,1,17.9,14.2,2.2,80,1015,3,0.1,NRT
542,Mymensingh,2005,2,21.7,14.8,2.4,73.93,1013,27,0.96,NRT
543,Mymensingh,2005,3,24.8,20.7,3.4,79.23,1010.7,77,2.48,LTR
544,Mymensingh,2005,4,27,22.1,4,78.43,1009.4,142,4.73,LTR
545,Mymensingh,2005,5,26.5,23.2,4.1,82.29,1005.2,495,15.97,MHR
546,Mymensingh,2005,6,29.2,25.3,3.6,84.03,1000.2,255,8.5,LTR
547,Mymensingh,2005,7,28.6,26,3.1,86.39,1002,405,13.06,MHR
548,Mymensingh,2005,8,28.6,26.4,3.4,87.81,1001.2,514,16.58,MHR
549,Mymensingh,2005,9,28.8,25.1,2.4,85.37,1005.8,360,12,MHR
550,Mymensingh,2005,10,26.4,24.1,2.4,87.84,1010.7,394,12.71,MHR
551,Mymensingh,2005,11,22.7,18.9,1.8,83.83,1012.7,0,0,NRT
552,Mymensingh,2005,12,19.4,15.4,1.7,80.19,1013.7,0,0,NRT
553,Mymensingh,2006,1,17.3,14.3,1.7,84.71,1014.5,0,0,NRT
554,Mymensingh,2006,2,23.1,17.6,1.8,81.71,1011.9,0,0,NRT
555,Mymensingh,2006,3,24.9,19.7,2.1,75.68,1010,2,0.06,NRT
556,Mymensingh,2006,4,26.6,21.9,3.2,80,1007.2,153,5.1,LTR
557,Mymensingh,2006,5,27.7,24.2,2.9,81.9,1005,379,12.23,MHR
558,Mymensingh,2006,6,28.2,25,3,87.6,1002.6,371,12.37,MHR
559,Mymensingh,2006,7,29.1,26.5,2.7,86.03,1000.3,274,8.84,LTR
560,Mymensingh,2006,8,29.1,26.2,3,84.55,1002.4,339,10.94,MHR
561,Mymensingh,2006,9,28.2,25.3,2.9,88.77,1006.2,420,14,MHR
562,Mymensingh,2006,10,27,24.6,1.6,87.23,1011.1,23,0.74,NRT
563,Mymensingh,2006,11,22.9,19.4,1.7,85.5,1013.2,0,0,NRT
564,Mymensingh,2006,12,19.2,16.3,1.7,85.45,1015.3,0,0,NRT
565,Mymensingh,2007,1,16.6,13.1,1.7,82.65,1016.2,0,0,NRT
566,Mymensingh,2007,2,20.2,14.8,2.1,80.68,1014.3,55,1.96,LTR
567,Mymensingh,2007,3,23.1,17.7,2.2,74.45,1011.3,18,0.58,NRT
568,Mymensingh,2007,4,26.2,21.9,3.6,81.7,1008.5,208,6.93,LTR
569,Mymensingh,2007,5,28.9,24.9,2.2,79.94,1012.1,123,3.97,LTR
570,Mymensingh,2007,6,28.1,24.8,2.5,87.2,1002.3,849,28.3,MHR
571,Mymensingh,2007,7,28.1,26.2,3.2,89.45,1001,726,23.42,MHR
572,Mymensingh,2007,8,29,26.6,2.5,86.9,1001.9,368,11.87,MHR
573,Mymensingh,2007,9,28.3,25,2.4,86.57,1004.2,149,4.97,LTR
574,Mymensingh,2007,10,26.7,23.8,2.4,84.9,1008.8,219,7.06,LTR
575,Mymensingh,2007,11,23.4,19.8,1.7,84.63,1012.5,67,2.23,LTR
576,Mymensingh,2007,12,18.9,15.6,1.4,83,1014.3,0,0,NRT
577,Mymensingh,2008,1,17.7,14.6,1.7,83.9,1013.9,30,0.97,NRT
578,Mymensingh,2008,2,19,12.9,1.8,74.59,1013.5,5,0.17,NRT
579,Mymensingh,2008,3,24.6,21,2.1,81.03,1009.5,96,3.1,LTR
580,Mymensingh,2008,4,27.6,22.5,2.5,78.47,1007,25,0.83,NRT
581,Mymensingh,2008,5,28,24.1,2.4,79.84,1003.6,280,9.03,LTR
582,Mymensingh,2008,6,28,24.7,2.5,87,1001.5,675,22.5,MHR
583,Mymensingh,2008,7,28.2,26,2.6,88.13,1001,473,15.26,MHR
584,Mymensingh,2008,8,28.3,26.5,2.7,90.1,1002.6,354,11.42,MHR
585,Mymensingh,2008,9,28.8,25.1,2.3,85.1,1005.1,131,4.37,LTR
586,Mymensingh,2008,10,26.4,23.8,2,86.52,1009.8,170,5.48,LTR
587,Mymensingh,2008,11,22.3,18.2,1.4,82.73,1012.8,0,0,NRT
588,Mymensingh,2008,12,19.8,17.4,1.3,87.45,1014.2,0,0,NRT
589,Mymensingh,2009,1,18.3,15.6,1.3,85.65,1015.3,0,0,NRT
590,Mymensingh,2009,2,21.4,14.5,1.3,74.96,1011.4,0,0,NRT
591,Mymensingh,2009,3,24.4,19.1,1.5,75.61,1009.7,17,0.55,NRT
592,Mymensingh,2009,4,28,23,2.3,79.73,1006.5,54,1.8,LTR
593,Mymensingh,2009,5,27.7,24.1,2,81.55,1004.3,411,13.26,MHR
594,Mymensingh,2009,6,28.8,25.2,2.2,85.3,1001,130,4.33,LTR
595,Mymensingh,2009,7,28.9,25.8,2.2,84.19,1000.1,431,13.9,MHR
596,Mymensingh,2009,8,28.6,26.2,2.1,87,1003.5,359,11.58,MHR
597,Mymensingh,2009,9,28.8,25.2,1.8,85.17,1005.1,231,7.7,LTR
598,Mymensingh,2009,10,27,23.7,0.7,83.35,1009.1,29,0.94,NRT
599,Mymensingh,2009,11,23.2,18.9,0.7,82,1012.9,0,0,NRT
600,Mymensingh,2009,12,18.3,15.3,0.3,84.77,1015.1,0,0,NRT
601,Mymensingh,2010,1,16.8,13.3,0.9,81.97,1016.3,0,0,NRT
602,Mymensingh,2010,2,20.7,13.8,0.9,74.61,1013.8,4,0.14,NRT
603,Mymensingh,2010,3,25.9,20.4,1.8,74.19,1009.5,16,0.52,NRT
604,Mymensingh,2010,4,27.8,23.8,3.1,82.63,1007.1,123,4.1,LTR
605,Mymensingh,2010,5,28.2,24.7,2.1,81.94,1004.1,337,10.87,MHR
606,Mymensingh,2010,6,28.3,25.1,2.1,87.27,1002.5,384,12.8,MHR
607,Mymensingh,2010,7,29.1,26.4,2,85.61,1003.3,458,14.77,MHR
608,Mymensingh,2010,8,29.1,26.4,1.7,85.19,1004.2,368,11.87,MHR
609,Mymensingh,2010,9,28.3,25.1,1.8,87.2,1006.1,211,7.03,LTR
610,Mymensingh,2010,10,27.3,24.6,1.8,85.87,1007.4,148,4.77,LTR
611,Mymensingh,2010,11,23.4,19.1,1.1,82.17,1012,4,0.13,NRT
612,Mymensingh,2010,12,18.8,14.9,1.2,80.55,1011.7,42,1.35,LTR
613,Mymensingh,2011,1,15.8,12.6,1.6,83.03,1013.7,1,0.03,NRT
614,Mymensingh,2011,2,20.8,13.8,1.5,73.39,1012.3,12,0.43,NRT
615,Mymensingh,2011,3,24.5,18.9,2.3,73.16,1009.5,32,1.03,LTR
616,Mymensingh,2011,4,26.4,21.2,2.2,77.5,1009,80,2.67,LTR
617,Mymensingh,2011,5,27.2,23.6,2.2,82,1004.7,239,7.71,LTR
618,Mymensingh,2011,6,28.7,25.1,2.3,85.13,1000.2,449,14.97,MHR
619,Mymensingh,2011,7,28.6,26.1,2,86.58,1001.7,333,10.74,MHR
620,Mymensingh,2011,8,28.4,25.9,1.8,86.84,1002.8,741,23.9,MHR
621,Mymensingh,2011,9,28.7,24.9,1.6,84.73,1003.6,242,8.07,LTR
622,Mymensingh,2011,10,27.5,24.3,0.6,83.81,1009.1,18,0.58,NRT
623,Mymensingh,2011,11,21.9,17.7,1,81.77,1012.7,0,0,NRT
624,Mymensingh,2011,12,18.1,14.8,1,83.32,1014,0,0,NRT
625,Mymensingh,2012,1,17.1,13.1,1.3,79.55,1012.9,18,0.58,NRT
626,Mymensingh,2012,2,20.1,13,1.6,71.45,1011.5,0,0,NRT
627,Mymensingh,2012,3,24.7,18.9,1.8,73.42,1009.3,1,0.03,NRT
628,Mymensingh,2012,4,26.1,21.4,2.6,80.37,1007.1,202,6.73,LTR
629,Mymensingh,2012,5,28.8,24.3,2,77.9,1003.4,85,2.74,LTR
630,Mymensingh,2012,6,28.4,24.9,2.6,85.4,998.6,241,8.03,LTR
631,Mymensingh,2012,7,28.6,26,2.3,86.58,1000,409,13.19,MHR
632,Mymensingh,2012,8,29,26.2,1.7,85.1,1002.2,238,7.68,LTR
633,Mymensingh,2012,9,28.6,25.2,1.7,85.77,1005.6,221,7.37,LTR
634,Mymensingh,2012,10,26.8,23.2,0.6,82.03,1010.2,45,1.45,LTR
635,Mymensingh,2012,11,21.8,17.4,0.7,81.07,1011.9,19,0.63,NRT
636,Mymensingh,2012,12,16.9,14.8,0.5,88.39,1013.8,0,0,NRT
637,Mymensingh,2013,1,16.1,11.8,0.8,78.35,1015.4,0,0,NRT
638,Mymensingh,2013,2,21.3,13.6,1.3,70.79,1013.5,18,0.64,NRT
639,Mymensingh,2013,3,25.1,19.7,2.3,74.52,1010.3,21,0.68,NRT
640,Mymensingh,2013,4,26.9,21.6,2.3,77.17,1007,69,2.3,LTR
641,Mymensingh,2013,5,26.9,24,3,84.13,1003.6,308,9.94,LTR
642,Mymensingh,2013,6,29.4,25.2,1.8,82.67,1000.9,267,8.9,LTR
643,Mymensingh,2013,7,29,25.9,2.2,83.71,1000.3,318,10.26,MHR
644,Mymensingh,2013,8,28.5,25.7,2.4,85.48,1006.8,343,11.06,MHR
645,Mymensingh,2013,9,28.7,25.1,1.5,85.17,1004.8,132,4.4,LTR
646,Mymensingh,2013,10,26.6,24,1.2,85.87,1010,263,8.48,LTR
647,Mymensingh,2013,11,21.9,17.6,0.6,81.07,1012.9,0,0,NRT
648,Mymensingh,2013,12,18.4,14.8,1,82.16,1014.1,0,0,NRT
649,Mymensingh,2014,1,17.3,13.8,1.5,82.06,1016.5,0,0,NRT
650,Mymensingh,2014,2,19.2,13.1,2,76.79,1013,42,1.5,LTR
651,Mymensingh,2014,3,24,18,2.2,72.1,1011.8,24,0.77,NRT
652,Mymensingh,2014,4,27.5,21.3,2.7,73.7,1008,78,2.6,LTR
653,Mymensingh,2014,5,28.4,24.4,3.2,79.45,1005.4,160,5.16,LTR
654,Mymensingh,2014,6,29,25.2,2.5,84.8,999.7,342,11.4,MHR
655,Mymensingh,2014,7,29.2,26.2,2.6,84.16,1000.6,303,9.77,LTR
656,Mymensingh,2014,8,28.4,26,1.8,87.52,1002.8,559,18.03,MHR
657,Mymensingh,2014,9,28.4,24.9,1.9,86.47,1005.8,410,13.67,MHR
658,Mymensingh,2014,10,26.9,23.5,1.1,83,1011.1,16,0.52,NRT
659,Mymensingh,2014,11,23,18.7,1,81.97,1012.2,0,0,NRT
660,Mymensingh,2014,12,17.9,15.3,0.6,86.29,1014.8,0,0,NRT
661,Mymensingh,2015,1,17.9,14.5,1.5,82.29,1015.8,5,0.16,NRT
662,Mymensingh,2015,2,20.7,14.9,1.1,78.93,1014.4,15,0.54,NRT
663,Mymensingh,2015,3,23.9,18.5,2,74.1,1012.9,36,1.16,LTR
664,Mymensingh,2015,4,25.6,21,2.3,80.6,1009.2,149,4.97,LTR
665,Mymensingh,2015,5,27.9,24.1,3,80.45,1005.6,292,9.42,LTR
666,Mymensingh,2015,6,28.4,24.9,3.2,85.83,1002.1,417,13.9,MHR
667,Mymensingh,2015,7,28.7,25.7,2.8,84.58,1000.5,391,12.61,MHR
668,Mymensingh,2015,8,28.7,26.2,2.5,87.1,1003.3,349,11.26,MHR
669,Mymensingh,2015,9,28.8,25.2,2,85.63,1006,263,8.77,LTR
670,Mymensingh,2015,10,27,23.5,2,82.48,1011.3,180,5.81,LTR
671,Mymensingh,2015,11,23.1,18.7,1.7,81.73,1013.7,13,0.43,NRT
672,Mymensingh,2015,12,18.3,14.9,1.8,82.68,1015.9,5,0.16,NRT
